input_laz,output_chm,status,error,hag_max_requested,filter_mode_requested,resolution_requested,tag_hag_max,tag_filter_mode,tag_resolution,tag_source_laz,tag_proc_date,width,height,resolution_x,resolution_y,crs,nodata,total_pixels,valid_pixels,nodata_pixels,nodata_pct,hag_min,hag_max_observed,hag_mean,hag_std,hag_p50,hag_p95,hag_p99
data/lamapuit/laz/401675_2022_madal.laz,data/lamapuit/chm_max_hag_13_drop/401675_2022_madal_chm_max_hag_20cm.tif,ok,,1.3,drop,0.2,1.3,drop,0.2,401675_2022_madal.laz,2026-03-23T19:39:57.629955Z,5000,3735,0.2,0.2,,-9999.0,18675000,4310470,14364530,76.91850066934404,0.0,1.2999999523162842,0.06951604038476944,0.2304227352142334,2.826567424563109e-09,0.589486300945282,1.2097758054733276
data/lamapuit/laz/401676_2022_madal.laz,data/lamapuit/chm_max_hag_13_drop/401676_2022_madal_chm_max_hag_20cm.tif,ok,,1.3,drop,0.2,1.3,drop,0.2,401676_2022_madal.laz,2026-03-23T19:39:57.630717Z,5000,3615,0.2,0.2,,-9999.0,18075000,4722909,13352091,73.87048962655602,0.0,1.2999999523162842,0.05999485030770302,0.22466422617435455,2.295792000950314e-09,0.43096935749053955,1.2051528692245483
data/lamapuit/laz/401677_2022_madal.laz,data/lamapuit/chm_max_hag_13_drop/401677_2022_madal_chm_max_hag_20cm.tif,ok,,1.3,drop,0.2,1.3,drop,0.2,401677_2022_madal.laz,2026-03-23T19:39:57.631217Z,5000,3336,0.2,0.2,,-9999.0,16680000,4461135,12218865,73.25458633093525,0.0,1.2999999523162842,0.08280155062675476,0.2598545253276825,2.4571988888055785e-09,0.876543402671814,1.2316112518310547
data/lamapuit/laz/401678_2022_madal.laz,data/lamapuit/chm_max_hag_13_drop/401678_2022_madal_chm_max_hag_20cm.tif,ok,,1.3,drop,0.2,1.3,drop,0.2,401678_2022_madal.laz,2026-03-23T19:39:57.328657Z,5000,3099,0.2,0.2,,-9999.0,15495000,3866490,11628510,75.04685382381413,0.0,1.2999999523162842,0.09541216492652893,0.27442747354507446,2.8792896955565084e-09,0.938676118850708,1.2382688522338867
data/lamapuit/laz/436646_2018_madal.laz,data/lamapuit/chm_max_hag_13_drop/436646_2018_madal_chm_max_hag_20cm.tif,ok,,1.3,drop,0.2,1.3,drop,0.2,436646_2018_madal.laz,2026-03-23T19:40:19.590830Z,5000,5000,0.2,0.2,,-9999.0,25000000,8644327,16355673,65.422692,0.0,1.2999999523162842,0.0407303124666214,0.18052512407302856,2.631196593938512e-09,0.13379958271980286,1.149999976158142
data/lamapuit/laz/436646_2020_madal.laz,data/lamapuit/chm_max_hag_13_drop/436646_2020_madal_chm_max_hag_20cm.tif,ok,,1.3,drop,0.2,1.3,drop,0.2,436646_2020_madal.laz,2026-03-23T19:40:25.876326Z,5000,5000,0.2,0.2,,-9999.0,25000000,9826793,15173207,60.692828,0.0,1.2999999523162842,0.05148945748806,0.1961338371038437,2.883410843423917e-09,0.23638632893562317,1.1879446506500244
data/lamapuit/laz/436646_2022_madal.laz,data/lamapuit/chm_max_hag_13_drop/436646_2022_madal_chm_max_hag_20cm.tif,ok,,1.3,drop,0.2,1.3,drop,0.2,436646_2022_madal.laz,2026-03-23T19:40:41.440986Z,5000,5000,0.2,0.2,,-9999.0,25000000,12837845,12162155,48.64862,0.0,1.2999999523162842,0.0729110911488533,0.23595573008060455,5.570854000325198e-09,0.6626297235488892,1.2194308042526245
data/lamapuit/laz/436646_2024_madal.laz,data/lamapuit/chm_max_hag_13_drop/436646_2024_madal_chm_max_hag_20cm.tif,ok,,1.3,drop,0.2,1.3,drop,0.2,436646_2024_madal.laz,2026-03-23T19:40:21.148821Z,5000,5000,0.2,0.2,,-9999.0,25000000,8227882,16772118,67.088472,0.0,1.2999999523162842,0.10299110412597656,0.26261356472969055,5.833328486914979e-09,0.864553689956665,1.2276215553283691
data/lamapuit/laz/436647_2018_madal.laz,data/lamapuit/chm_max_hag_13_drop/436647_2018_madal_chm_max_hag_20cm.tif,ok,,1.3,drop,0.2,1.3,drop,0.2,436647_2018_madal.laz,2026-03-23T19:40:44.488743Z,5000,5000,0.2,0.2,,-9999.0,25000000,8240710,16759290,67.03716,0.0,1.2999999523162842,0.0505928099155426,0.2050810605287552,2.779692920285015e-09,0.2527410387992859,1.1919910907745361
data/lamapuit/laz/436647_2020_madal.laz,data/lamapuit/chm_max_hag_13_drop/436647_2020_madal_chm_max_hag_20cm.tif,ok,,1.3,drop,0.2,1.3,drop,0.2,436647_2020_madal.laz,2026-03-23T19:40:52.096740Z,5000,5000,0.2,0.2,,-9999.0,25000000,9850428,15149572,60.598288,0.0,1.2999999523162842,0.05826980248093605,0.21313492953777313,2.9503439691325184e-09,0.3270980417728424,1.209255576133728
data/lamapuit/laz/436647_2022_madal.laz,data/lamapuit/chm_max_hag_13_drop/436647_2022_madal_chm_max_hag_20cm.tif,ok,,1.3,drop,0.2,1.3,drop,0.2,436647_2022_madal.laz,2026-03-23T19:41:13.309442Z,5000,5000,0.2,0.2,,-9999.0,25000000,13097911,11902089,47.608356,0.0,1.2999999523162842,0.09349466860294342,0.27370086312294006,5.407571279647527e-09,0.9468057155609131,1.2457703351974487
data/lamapuit/laz/436647_2024_madal.laz,data/lamapuit/chm_max_hag_13_drop/436647_2024_madal_chm_max_hag_20cm.tif,ok,,1.3,drop,0.2,1.3,drop,0.2,436647_2024_madal.laz,2026-03-23T19:41:06.543870Z,5000,5000,0.2,0.2,,-9999.0,25000000,7389981,17610019,70.440076,0.0,1.2999999523162842,0.13286179304122925,0.29860183596611023,7.370260846073506e-09,0.999333381652832,1.2469912767410278
data/lamapuit/laz/436648_2018_madal.laz,data/lamapuit/chm_max_hag_13_drop/436648_2018_madal_chm_max_hag_20cm.tif,ok,,1.3,drop,0.2,1.3,drop,0.2,436648_2018_madal.laz,2026-03-23T19:41:06.542895Z,5000,5000,0.2,0.2,,-9999.0,25000000,8924613,16075387,64.301548,0.0,1.2999999523162842,0.034589413553476334,0.1667419821023941,2.4577104795753257e-09,0.09186674654483795,1.1088536977767944
data/lamapuit/laz/436648_2020_madal.laz,data/lamapuit/chm_max_hag_13_drop/436648_2020_madal_chm_max_hag_20cm.tif,ok,,1.3,drop,0.2,1.3,drop,0.2,436648_2020_madal.laz,2026-03-23T19:41:22.803399Z,5000,5000,0.2,0.2,,-9999.0,25000000,10374271,14625729,58.502916,0.0,1.2999999523162842,0.04378282278776169,0.18249472975730896,2.6414284093334572e-09,0.20588621497154236,1.1553272008895874
data/lamapuit/laz/436648_2022_madal.laz,data/lamapuit/chm_max_hag_13_drop/436648_2022_madal_chm_max_hag_20cm.tif,ok,,1.3,drop,0.2,1.3,drop,0.2,436648_2022_madal.laz,2026-03-23T19:41:52.625055Z,5000,5000,0.2,0.2,,-9999.0,25000000,13456700,11543300,46.1732,0.0,1.2999999523162842,0.060880471020936966,0.2165050506591797,5.238319999989471e-09,0.39406606554985046,1.2000000476837158
data/lamapuit/laz/436648_2024_madal.laz,data/lamapuit/chm_max_hag_13_drop/436648_2024_madal_chm_max_hag_20cm.tif,ok,,1.3,drop,0.2,1.3,drop,0.2,436648_2024_madal.laz,2026-03-23T19:41:29.770962Z,5000,5000,0.2,0.2,,-9999.0,25000000,8183705,16816295,67.26518,0.0,1.2999999523162842,0.07532019168138504,0.22885774075984955,3.952862925871159e-09,0.6174575090408325,1.196721076965332
data/lamapuit/laz/437646_2018_madal.laz,data/lamapuit/chm_max_hag_13_drop/437646_2018_madal_chm_max_hag_20cm.tif,ok,,1.3,drop,0.2,1.3,drop,0.2,437646_2018_madal.laz,2026-03-23T19:41:34.892495Z,5000,5000,0.2,0.2,,-9999.0,25000000,9021223,15978777,63.915108,0.0,1.2999999523162842,0.04230928421020508,0.1843002438545227,2.9813094215569436e-09,0.12597565352916718,1.1599024534225464
data/lamapuit/laz/437646_2020_madal.laz,data/lamapuit/chm_max_hag_13_drop/437646_2020_madal_chm_max_hag_20cm.tif,ok,,1.3,drop,0.2,1.3,drop,0.2,437646_2020_madal.laz,2026-03-23T19:41:48.700615Z,5000,5000,0.2,0.2,,-9999.0,25000000,9865012,15134988,60.539952,0.0,1.2999999523162842,0.05434281751513481,0.20209935307502747,3.2115323733705736e-09,0.24279716610908508,1.1953403949737549
data/lamapuit/laz/437646_2024_madal.laz,data/lamapuit/chm_max_hag_13_drop/437646_2024_madal_chm_max_hag_20cm.tif,ok,,1.3,drop,0.2,1.3,drop,0.2,437646_2024_madal.laz,2026-03-23T19:41:56.655146Z,5000,5000,0.2,0.2,,-9999.0,25000000,9298625,15701375,62.8055,0.0,1.2999999523162842,0.12349706143140793,0.2947235107421875,6.599975677090697e-09,0.9938777089118958,1.2469820976257324
data/lamapuit/laz/437647_2018_madal.laz,data/lamapuit/chm_max_hag_13_drop/437647_2018_madal_chm_max_hag_20cm.tif,ok,,1.3,drop,0.2,1.3,drop,0.2,437647_2018_madal.laz,2026-03-23T19:41:58.310119Z,5000,5000,0.2,0.2,,-9999.0,25000000,9458913,15541087,62.164348,0.0,1.2999999523162842,0.03502925857901573,0.16854597628116608,2.495141870895168e-09,0.07370475679636002,1.1088610887527466
data/lamapuit/laz/437647_2020_madal.laz,data/lamapuit/chm_max_hag_13_drop/437647_2020_madal_chm_max_hag_20cm.tif,ok,,1.3,drop,0.2,1.3,drop,0.2,437647_2020_madal.laz,2026-03-23T19:42:11.336002Z,5000,5000,0.2,0.2,,-9999.0,25000000,10336362,14663638,58.654552,0.0,1.2999999523162842,0.04065834358334541,0.17917321622371674,2.4907080842240248e-09,0.14946183562278748,1.1383436918258667
data/lamapuit/laz/437647_2022_madal.laz,data/lamapuit/chm_max_hag_13_drop/437647_2022_madal_chm_max_hag_20cm.tif,ok,,1.3,drop,0.2,1.3,drop,0.2,437647_2022_madal.laz,2026-03-23T19:42:48.514142Z,5000,5000,0.2,0.2,,-9999.0,25000000,16904700,8095300,32.3812,0.0,1.2999999523162842,0.058468516916036606,0.21281780302524567,5.9127671647729585e-09,0.3730366826057434,1.1925973892211914
data/lamapuit/laz/437647_2024_madal.laz,data/lamapuit/chm_max_hag_13_drop/437647_2024_madal_chm_max_hag_20cm.tif,ok,,1.3,drop,0.2,1.3,drop,0.2,437647_2024_madal.laz,2026-03-23T19:42:22.220202Z,5000,5000,0.2,0.2,,-9999.0,25000000,9493252,15506748,62.026992,0.0,1.2999999523162842,0.06582972407341003,0.21680419147014618,3.3967353374464437e-09,0.5139522552490234,1.1773731708526611
data/lamapuit/laz/437648_2018_madal.laz,data/lamapuit/chm_max_hag_13_drop/437648_2018_madal_chm_max_hag_20cm.tif,ok,,1.3,drop,0.2,1.3,drop,0.2,437648_2018_madal.laz,2026-03-23T19:42:22.223340Z,5000,5000,0.2,0.2,,-9999.0,25000000,8720124,16279876,65.119504,0.0,1.2999999523162842,0.04284091293811798,0.18805542588233948,2.911974661401473e-09,0.13311833143234253,1.166090726852417
data/lamapuit/laz/437648_2020_madal.laz,data/lamapuit/chm_max_hag_13_drop/437648_2020_madal_chm_max_hag_20cm.tif,ok,,1.3,drop,0.2,1.3,drop,0.2,437648_2020_madal.laz,2026-03-23T19:42:42.938200Z,5000,5000,0.2,0.2,,-9999.0,25000000,10347073,14652927,58.611708,0.0,1.2999999523162842,0.053489554673433304,0.20438271760940552,3.1713085490991944e-09,0.24037501215934753,1.19948148727417
data/lamapuit/laz/437648_2024_madal.laz,data/lamapuit/chm_max_hag_13_drop/437648_2024_madal_chm_max_hag_20cm.tif,ok,,1.3,drop,0.2,1.3,drop,0.2,437648_2024_madal.laz,2026-03-23T19:42:51.238651Z,5000,5000,0.2,0.2,,-9999.0,25000000,8649118,16350882,65.403528,0.0,1.2999999523162842,0.10200045257806778,0.26746881008148193,5.2478270617939415e-09,0.8907537460327148,1.2296254634857178
data/lamapuit/laz/445396_2022_madal.laz,data/lamapuit/chm_max_hag_13_drop/445396_2022_madal_chm_max_hag_20cm.tif,ok,,1.3,drop,0.2,1.3,drop,0.2,445396_2022_madal.laz,2026-03-23T19:42:51.985289Z,5000,5000,0.2,0.2,,-9999.0,25000000,9906581,15093419,60.373676,0.0,1.2999999523162842,0.09626112133264542,0.2651042640209198,4.823862198577444e-09,0.9041568040847778,1.2366034984588623
data/lamapuit/laz/451397_2022_madal.laz,data/lamapuit/chm_max_hag_13_drop/451397_2022_madal_chm_max_hag_20cm.tif,ok,,1.3,drop,0.2,1.3,drop,0.2,451397_2022_madal.laz,2026-03-23T19:42:59.056666Z,3586,5000,0.2,0.2,,-9999.0,17930000,5496060,12433940,69.34712771890686,0.0,1.2999999523162842,0.068997323513031,0.21070896089076996,3.819375482549958e-09,0.35329416394233704,1.184938907623291
data/lamapuit/laz/470383_2022_madal.laz,data/lamapuit/chm_max_hag_13_drop/470383_2022_madal_chm_max_hag_20cm.tif,ok,,1.3,drop,0.2,1.3,drop,0.2,470383_2022_madal.laz,2026-03-23T19:43:05.857835Z,5000,4961,0.2,0.2,,-9999.0,24805000,5234060,19570940,78.89917355371901,0.0,1.2999999523162842,0.08428604900836945,0.24825716018676758,3.1895153185246272e-09,0.7990659475326538,1.222444772720337
data/lamapuit/laz/492473_2022_madal.laz,data/lamapuit/chm_max_hag_13_drop/492473_2022_madal_chm_max_hag_20cm.tif,ok,,1.3,drop,0.2,1.3,drop,0.2,492473_2022_madal.laz,2026-03-23T19:43:15.353275Z,5000,5000,0.2,0.2,,-9999.0,25000000,10289662,14710338,58.841352,0.0,1.2999999523162842,0.1638132482767105,0.3516872525215149,5.182449136498235e-09,1.1208627223968506,1.2672300338745117
data/lamapuit/laz/494475_2022_madal.laz,data/lamapuit/chm_max_hag_13_drop/494475_2022_madal_chm_max_hag_20cm.tif,ok,,1.3,drop,0.2,1.3,drop,0.2,494475_2022_madal.laz,2026-03-23T19:43:10.767947Z,5000,3828,0.2,0.2,,-9999.0,19140000,7056358,12083642,63.13292580982236,0.0,1.2999999523162842,0.10088170319795609,0.2627674341201782,3.88290066766217e-09,0.8795609474182129,1.2329531908035278
data/lamapuit/laz/538424_2019_madal.laz,data/lamapuit/chm_max_hag_13_drop/538424_2019_madal_chm_max_hag_20cm.tif,ok,,1.3,drop,0.2,1.3,drop,0.2,538424_2019_madal.laz,2026-03-23T19:43:12.573419Z,5000,5000,0.2,0.2,,-9999.0,25000000,5597477,19402523,77.610092,0.0,1.2999999523162842,0.05202152952551842,0.16576461493968964,4.333271519385562e-09,0.19378042221069336,1.1176965236663818
data/lamapuit/laz/538424_2021_madal.laz,data/lamapuit/chm_max_hag_13_drop/538424_2021_madal_chm_max_hag_20cm.tif,ok,,1.3,drop,0.2,1.3,drop,0.2,538424_2021_madal.laz,2026-03-23T19:43:23.704660Z,5000,5000,0.2,0.2,,-9999.0,25000000,6032580,18967420,75.86968,0.0,1.2999999523162842,0.05267155542969704,0.16810257732868195,3.9245637850626736e-09,0.20247283577919006,1.1221644878387451
data/lamapuit/laz/579543_2017_madal.laz,data/lamapuit/chm_max_hag_13_drop/579543_2017_madal_chm_max_hag_20cm.tif,ok,,1.3,drop,0.2,1.3,drop,0.2,579543_2017_madal.laz,2026-03-23T19:43:32.101537Z,5000,5001,0.2,0.2,,-9999.0,25005000,4852812,20152188,80.59263347330534,0.0,1.2999999523162842,0.02867705002427101,0.13774725794792175,3.0747706603051483e-09,0.08208228647708893,1.0277881622314453
data/lamapuit/laz/579543_2018_madal.laz,data/lamapuit/chm_max_hag_13_drop/579543_2018_madal_chm_max_hag_20cm.tif,ok,,1.3,drop,0.2,1.3,drop,0.2,579543_2018_madal.laz,2026-03-23T19:43:42.125908Z,5000,5000,0.2,0.2,,-9999.0,25000000,6374019,18625981,74.503924,0.0,1.2999999523162842,0.027410468086600304,0.13016515970230103,4.232362016409752e-09,0.07686424255371094,0.9592425227165222
data/lamapuit/laz/579543_2019_madal.laz,data/lamapuit/chm_max_hag_13_drop/579543_2019_madal_chm_max_hag_20cm.tif,ok,,1.3,drop,0.2,1.3,drop,0.2,579543_2019_madal.laz,2026-03-23T19:43:44.018198Z,5000,5000,0.2,0.2,,-9999.0,25000000,6378751,18621249,74.484996,0.0,1.2999999523162842,0.037168264389038086,0.14776185154914856,3.739415888048825e-09,0.13731928169727325,1.0642586946487427
data/lamapuit/laz/579543_2020_madal.laz,data/lamapuit/chm_max_hag_13_drop/579543_2020_madal_chm_max_hag_20cm.tif,ok,,1.3,drop,0.2,1.3,drop,0.2,579543_2020_madal.laz,2026-03-23T19:43:56.093507Z,5000,5000,0.2,0.2,,-9999.0,25000000,7715173,17284827,69.139308,0.0,1.2999999523162842,0.04158112779259682,0.14117443561553955,8.394458461680188e-09,0.12667793035507202,1.0378693342208862
data/lamapuit/laz/579543_2021_madal.laz,data/lamapuit/chm_max_hag_13_drop/579543_2021_madal_chm_max_hag_20cm.tif,ok,,1.3,drop,0.2,1.3,drop,0.2,579543_2021_madal.laz,2026-03-23T19:44:02.643648Z,5000,5000,0.2,0.2,,-9999.0,25000000,6246415,18753585,75.01434,0.0,1.2999999523162842,0.040724195539951324,0.15858326852321625,3.818172444880474e-09,0.14529035985469818,1.1181719303131104
data/lamapuit/laz/579543_2022_madal.laz,data/lamapuit/chm_max_hag_13_drop/579543_2022_madal_chm_max_hag_20cm.tif,ok,,1.3,drop,0.2,1.3,drop,0.2,579543_2022_madal.laz,2026-03-23T19:44:14.059896Z,5000,5000,0.2,0.2,,-9999.0,25000000,6508942,18491058,73.964232,0.0,1.2999999523162842,0.05799254775047302,0.1977062225341797,5.179245476938377e-09,0.20136649906635284,1.186061978340149
data/lamapuit/laz/579543_2023_madal.laz,data/lamapuit/chm_max_hag_13_drop/579543_2023_madal_chm_max_hag_20cm.tif,ok,,1.3,drop,0.2,1.3,drop,0.2,579543_2023_madal.laz,2026-03-23T19:44:18.022488Z,5000,5000,0.2,0.2,,-9999.0,25000000,6168939,18831061,75.324244,0.0,1.2999999523162842,0.055990368127822876,0.19806033372879028,4.09644940191356e-09,0.20357313752174377,1.1839414834976196
data/lamapuit/laz/580535_2017_madal.laz,data/lamapuit/chm_max_hag_13_drop/580535_2017_madal_chm_max_hag_20cm.tif,ok,,1.3,drop,0.2,1.3,drop,0.2,580535_2017_madal.laz,2026-03-23T19:44:12.163037Z,5000,5001,0.2,0.2,,-9999.0,25005000,6729434,18275566,73.08764647070586,0.0,1.2999999523162842,0.037081990391016006,0.16967101395130157,1.9672370399348438e-09,0.09620948880910873,1.1139638423919678
data/lamapuit/laz/580535_2018_madal.laz,data/lamapuit/chm_max_hag_13_drop/580535_2018_madal_chm_max_hag_20cm.tif,ok,,1.3,drop,0.2,1.3,drop,0.2,580535_2018_madal.laz,2026-03-23T19:44:25.280727Z,5000,5000,0.2,0.2,,-9999.0,25000000,8525622,16474378,65.897512,0.0,1.2999999523162842,0.03723999485373497,0.16796128451824188,2.5298234618276183e-09,0.09056324511766434,1.101161241531372
data/lamapuit/laz/580535_2019_madal.laz,data/lamapuit/chm_max_hag_13_drop/580535_2019_madal_chm_max_hag_20cm.tif,ok,,1.3,drop,0.2,1.3,drop,0.2,580535_2019_madal.laz,2026-03-23T19:44:39.541033Z,5000,5000,0.2,0.2,,-9999.0,25000000,9826653,15173347,60.693388,0.0,1.2999999523162842,0.04475779831409454,0.18322676420211792,2.775756513528904e-09,0.16239877045154572,1.1527138948440552
data/lamapuit/laz/580535_2020_madal.laz,data/lamapuit/chm_max_hag_13_drop/580535_2020_madal_chm_max_hag_20cm.tif,ok,,1.3,drop,0.2,1.3,drop,0.2,580535_2020_madal.laz,2026-03-23T19:44:39.541838Z,5000,5000,0.2,0.2,,-9999.0,25000000,9029193,15970807,63.883228,0.0,1.2999999523162842,0.045068252831697464,0.18472963571548462,2.5298234618276183e-09,0.16691166162490845,1.1547199487686157
data/lamapuit/laz/580535_2021_madal.laz,data/lamapuit/chm_max_hag_13_drop/580535_2021_madal_chm_max_hag_20cm.tif,ok,,1.3,drop,0.2,1.3,drop,0.2,580535_2021_madal.laz,2026-03-23T19:44:41.873892Z,5000,5000,0.2,0.2,,-9999.0,25000000,9184076,15815924,63.263696,0.0,1.2999999523162842,0.04899786412715912,0.1858990639448166,3.3281963851550245e-09,0.18248477578163147,1.1591078042984009
data/lamapuit/laz/580535_2022_madal.laz,data/lamapuit/chm_max_hag_13_drop/580535_2022_madal_chm_max_hag_20cm.tif,ok,,1.3,drop,0.2,1.3,drop,0.2,580535_2022_madal.laz,2026-03-23T19:44:53.542603Z,5000,5000,0.2,0.2,,-9999.0,25000000,9499821,15500179,62.000716,0.0,1.2999999523162842,0.05762752145528793,0.20903447270393372,3.0030520292712026e-09,0.33288395404815674,1.185211420059204
data/lamapuit/laz/580535_2023_madal.laz,data/lamapuit/chm_max_hag_13_drop/580535_2023_madal_chm_max_hag_20cm.tif,ok,,1.3,drop,0.2,1.3,drop,0.2,580535_2023_madal.laz,2026-03-23T19:45:05.796388Z,5000,5000,0.2,0.2,,-9999.0,25000000,9063304,15936696,63.746784,0.0,1.2999999523162842,0.05339653789997101,0.1983666568994522,2.9848941096588533e-09,0.2417774647474289,1.1667982339859009
data/lamapuit/laz/580536_2017_madal.laz,data/lamapuit/chm_max_hag_13_drop/580536_2017_madal_chm_max_hag_20cm.tif,ok,,1.3,drop,0.2,1.3,drop,0.2,580536_2017_madal.laz,2026-03-23T19:44:57.071136Z,5000,5001,0.2,0.2,,-9999.0,25005000,7373022,17631978,70.51380923815238,0.0,1.2999999523162842,0.03380603343248367,0.16411100327968597,2.032784607308713e-09,0.07976327836513519,1.1037923097610474
data/lamapuit/laz/580536_2018_madal.laz,data/lamapuit/chm_max_hag_13_drop/580536_2018_madal_chm_max_hag_20cm.tif,ok,,1.3,drop,0.2,1.3,drop,0.2,580536_2018_madal.laz,2026-03-23T19:45:05.773693Z,5000,5000,0.2,0.2,,-9999.0,25000000,9332575,15667425,62.6697,0.0,1.2999999523162842,0.031942758709192276,0.15668924152851105,2.7088944420938788e-09,0.06997167319059372,1.0654473304748535
data/lamapuit/laz/580536_2019_madal.laz,data/lamapuit/chm_max_hag_13_drop/580536_2019_madal_chm_max_hag_20cm.tif,ok,,1.3,drop,0.2,1.3,drop,0.2,580536_2019_madal.laz,2026-03-23T19:45:19.720738Z,5000,5000,0.2,0.2,,-9999.0,25000000,10339523,14660477,58.641908,0.0,1.2999999523162842,0.03942905738949776,0.1728736311197281,2.763968609542644e-09,0.13372282683849335,1.1326466798782349
data/lamapuit/laz/580536_2020_madal.laz,data/lamapuit/chm_max_hag_13_drop/580536_2020_madal_chm_max_hag_20cm.tif,ok,,1.3,drop,0.2,1.3,drop,0.2,580536_2020_madal.laz,2026-03-23T19:45:19.157911Z,5000,5000,0.2,0.2,,-9999.0,25000000,9587017,15412983,61.651932,0.0,1.2999999523162842,0.03814564272761345,0.16924600303173065,2.5732518338372756e-09,0.12990176677703857,1.1220260858535767
data/lamapuit/laz/580536_2021_madal.laz,data/lamapuit/chm_max_hag_13_drop/580536_2021_madal_chm_max_hag_20cm.tif,ok,,1.3,drop,0.2,1.3,drop,0.2,580536_2021_madal.laz,2026-03-23T19:45:32.074692Z,5000,5000,0.2,0.2,,-9999.0,25000000,9773257,15226743,60.906972,0.0,1.2999999523162842,0.043336473405361176,0.1763787567615509,3.1890223795016936e-09,0.15958574414253235,1.134272575378418
data/lamapuit/laz/580536_2022_madal.laz,data/lamapuit/chm_max_hag_13_drop/580536_2022_madal_chm_max_hag_20cm.tif,ok,,1.3,drop,0.2,1.3,drop,0.2,580536_2022_madal.laz,2026-03-23T19:45:33.868128Z,5000,5000,0.2,0.2,,-9999.0,25000000,9998711,15001289,60.005156,0.0,1.2999999523162842,0.05353235825896263,0.2024541199207306,3.0140938633849146e-09,0.27556830644607544,1.173363208770752
data/lamapuit/laz/580536_2023_madal.laz,data/lamapuit/chm_max_hag_13_drop/580536_2023_madal_chm_max_hag_20cm.tif,ok,,1.3,drop,0.2,1.3,drop,0.2,580536_2023_madal.laz,2026-03-23T19:45:46.015475Z,5000,5000,0.2,0.2,,-9999.0,25000000,9837994,15162006,60.648024,0.0,1.2999999523162842,0.05058564245700836,0.19467228651046753,3.0579201393265976e-09,0.2212534248828888,1.157135248184204
data/lamapuit/laz/580537_2017_madal.laz,data/lamapuit/chm_max_hag_13_drop/580537_2017_madal_chm_max_hag_20cm.tif,ok,,1.3,drop,0.2,1.3,drop,0.2,580537_2017_madal.laz,2026-03-23T19:45:40.005059Z,5000,5001,0.2,0.2,,-9999.0,25005000,7383956,17621044,70.47008198360328,0.0,1.2999999523162842,0.03295193240046501,0.15578728914260864,2.6350335247116163e-09,0.09364113956689835,1.121219515800476
data/lamapuit/laz/580537_2018_madal.laz,data/lamapuit/chm_max_hag_13_drop/580537_2018_madal_chm_max_hag_20cm.tif,ok,,1.3,drop,0.2,1.3,drop,0.2,580537_2018_madal.laz,2026-03-23T19:45:56.443575Z,5000,5000,0.2,0.2,,-9999.0,25000000,9329812,15670188,62.680752,0.0,1.2999999523162842,0.03116399608552456,0.1480768471956253,3.4299674211979436e-09,0.0883331373333931,1.0665820837020874
data/lamapuit/laz/580537_2019_madal.laz,data/lamapuit/chm_max_hag_13_drop/580537_2019_madal_chm_max_hag_20cm.tif,ok,,1.3,drop,0.2,1.3,drop,0.2,580537_2019_madal.laz,2026-03-23T19:46:01.434705Z,5000,5000,0.2,0.2,,-9999.0,25000000,10758995,14241005,56.96402,0.0,1.2999999523162842,0.04758317396044731,0.17702937126159668,3.68069663636561e-09,0.17003093659877777,1.1698267459869385
data/lamapuit/laz/580537_2020_madal.laz,data/lamapuit/chm_max_hag_13_drop/580537_2020_madal_chm_max_hag_20cm.tif,ok,,1.3,drop,0.2,1.3,drop,0.2,580537_2020_madal.laz,2026-03-23T19:46:04.002939Z,5000,5000,0.2,0.2,,-9999.0,25000000,9965841,15034159,60.136636,0.0,1.2999999523162842,0.04420234635472298,0.16809436678886414,3.423338057473302e-09,0.16088125109672546,1.1468801498413086
data/lamapuit/laz/580537_2021_madal.laz,data/lamapuit/chm_max_hag_13_drop/580537_2021_madal_chm_max_hag_20cm.tif,ok,,1.3,drop,0.2,1.3,drop,0.2,580537_2021_madal.laz,2026-03-23T19:46:13.035710Z,5000,5000,0.2,0.2,,-9999.0,25000000,10624617,14375383,57.501532,0.0,1.2999999523162842,0.052764032036066055,0.18165943026542664,4.369859141206689e-09,0.18528704345226288,1.1812430620193481
data/lamapuit/laz/580537_2022_madal.laz,data/lamapuit/chm_max_hag_13_drop/580537_2022_madal_chm_max_hag_20cm.tif,ok,,1.3,drop,0.2,1.3,drop,0.2,580537_2022_madal.laz,2026-03-23T19:46:23.993263Z,5000,5000,0.2,0.2,,-9999.0,25000000,10405857,14594143,58.376572,0.0,1.2999999523162842,0.07845667004585266,0.23800842463970184,4.47212755716464e-09,0.6907262802124023,1.2205837965011597
data/lamapuit/laz/580537_2023_madal.laz,data/lamapuit/chm_max_hag_13_drop/580537_2023_madal_chm_max_hag_20cm.tif,ok,,1.3,drop,0.2,1.3,drop,0.2,580537_2023_madal.laz,2026-03-23T19:46:29.005286Z,5000,5000,0.2,0.2,,-9999.0,25000000,10277968,14722032,58.888128,0.0,1.2999999523162842,0.07702882587909698,0.2302204966545105,4.577699996843876e-09,0.5938438773155212,1.2106250524520874
data/lamapuit/laz/580538_2017_madal.laz,data/lamapuit/chm_max_hag_13_drop/580538_2017_madal_chm_max_hag_20cm.tif,ok,,1.3,drop,0.2,1.3,drop,0.2,580538_2017_madal.laz,2026-03-23T19:46:21.935813Z,5000,5001,0.2,0.2,,-9999.0,25005000,7792467,17212533,68.83636472705459,0.0,1.2999999523162842,0.06609782576560974,0.23351363837718964,3.619916810748691e-09,0.35531267523765564,1.233077049255371
data/lamapuit/laz/580538_2018_madal.laz,data/lamapuit/chm_max_hag_13_drop/580538_2018_madal_chm_max_hag_20cm.tif,ok,,1.3,drop,0.2,1.3,drop,0.2,580538_2018_madal.laz,2026-03-23T19:46:36.219872Z,5000,5000,0.2,0.2,,-9999.0,25000000,9910501,15089499,60.357996,0.0,1.2999999523162842,0.0618523471057415,0.22772789001464844,4.282576071545918e-09,0.2595895230770111,1.2262442111968994
data/lamapuit/laz/580538_2019_madal.laz,data/lamapuit/chm_max_hag_13_drop/580538_2019_madal_chm_max_hag_20cm.tif,ok,,1.3,drop,0.2,1.3,drop,0.2,580538_2019_madal.laz,2026-03-23T19:46:48.336342Z,5000,5000,0.2,0.2,,-9999.0,25000000,11410997,13589003,54.356012,0.0,1.2999999523162842,0.07943840324878693,0.23688693344593048,5.42326006325311e-09,0.3236183822154999,1.2442818880081177
data/lamapuit/laz/580538_2020_madal.laz,data/lamapuit/chm_max_hag_13_drop/580538_2020_madal_chm_max_hag_20cm.tif,ok,,1.3,drop,0.2,1.3,drop,0.2,580538_2020_madal.laz,2026-03-23T19:46:47.794324Z,5000,5000,0.2,0.2,,-9999.0,25000000,10623332,14376668,57.506672,0.0,1.2999999523162842,0.07548407465219498,0.22707431018352509,5.086189247549555e-09,0.2784043550491333,1.2380820512771606
data/lamapuit/laz/580538_2021_madal.laz,data/lamapuit/chm_max_hag_13_drop/580538_2021_madal_chm_max_hag_20cm.tif,ok,,1.3,drop,0.2,1.3,drop,0.2,580538_2021_madal.laz,2026-03-23T19:46:55.045571Z,5000,5000,0.2,0.2,,-9999.0,25000000,11393624,13606376,54.425504,0.0,1.2999999523162842,0.08349309861660004,0.23284439742565155,6.6514687091512315e-09,0.3190026581287384,1.2438015937805176
data/lamapuit/laz/580538_2022_madal.laz,data/lamapuit/chm_max_hag_13_drop/580538_2022_madal_chm_max_hag_20cm.tif,ok,,1.3,drop,0.2,1.3,drop,0.2,580538_2022_madal.laz,2026-03-23T19:47:04.568241Z,5000,5000,0.2,0.2,,-9999.0,25000000,10968836,14031164,56.124656,0.0,1.2999999523162842,0.11381706595420837,0.28849276900291443,7.438693216954562e-09,1.0295988321304321,1.2562037706375122
data/lamapuit/laz/580538_2023_madal.laz,data/lamapuit/chm_max_hag_13_drop/580538_2023_madal_chm_max_hag_20cm.tif,ok,,1.3,drop,0.2,1.3,drop,0.2,580538_2023_madal.laz,2026-03-23T19:47:15.184610Z,5000,5000,0.2,0.2,,-9999.0,25000000,10612329,14387671,57.550684,0.0,1.2999999523162842,0.10110598802566528,0.2696071267127991,6.9425780679921445e-09,0.9624424576759338,1.25
data/lamapuit/laz/580539_2017_madal.laz,data/lamapuit/chm_max_hag_13_drop/580539_2017_madal_chm_max_hag_20cm.tif,ok,,1.3,drop,0.2,1.3,drop,0.2,580539_2017_madal.laz,2026-03-23T19:47:06.227872Z,5000,5001,0.2,0.2,,-9999.0,25005000,7374337,17630663,70.50855028994201,0.0,1.2999999523162842,0.06464027613401413,0.23666894435882568,3.303362916540209e-09,0.29522499442100525,1.2456899881362915
data/lamapuit/laz/580539_2018_madal.laz,data/lamapuit/chm_max_hag_13_drop/580539_2018_madal_chm_max_hag_20cm.tif,ok,,1.3,drop,0.2,1.3,drop,0.2,580539_2018_madal.laz,2026-03-23T19:47:17.818202Z,5000,5000,0.2,0.2,,-9999.0,25000000,9122254,15877746,63.510984,0.0,1.2999999523162842,0.05415759235620499,0.214264914393425,3.8399150525947334e-09,0.16414611041545868,1.227988839149475
data/lamapuit/laz/580539_2019_madal.laz,data/lamapuit/chm_max_hag_13_drop/580539_2019_madal_chm_max_hag_20cm.tif,ok,,1.3,drop,0.2,1.3,drop,0.2,580539_2019_madal.laz,2026-03-23T19:47:34.003387Z,5000,5000,0.2,0.2,,-9999.0,25000000,10795216,14204784,56.819136,0.0,1.2999999523162842,0.062488216906785965,0.20750972628593445,4.639147732632409e-09,0.20707647502422333,1.2285454273223877
data/lamapuit/laz/580539_2020_madal.laz,data/lamapuit/chm_max_hag_13_drop/580539_2020_madal_chm_max_hag_20cm.tif,ok,,1.3,drop,0.2,1.3,drop,0.2,580539_2020_madal.laz,2026-03-23T19:47:34.002468Z,5000,5000,0.2,0.2,,-9999.0,25000000,10146695,14853305,59.41322,0.0,1.2999999523162842,0.05718260258436203,0.19484730064868927,4.298449596262799e-09,0.1942029595375061,1.2147003412246704
data/lamapuit/laz/580539_2021_madal.laz,data/lamapuit/chm_max_hag_13_drop/580539_2021_madal_chm_max_hag_20cm.tif,ok,,1.3,drop,0.2,1.3,drop,0.2,580539_2021_madal.laz,2026-03-23T19:47:45.851969Z,5000,5000,0.2,0.2,,-9999.0,25000000,10563908,14436092,57.744368,0.0,1.2999999523162842,0.06159641593694687,0.19575196504592896,5.1572186521298136e-09,0.2067061960697174,1.2144886255264282
data/lamapuit/laz/580539_2022_madal.laz,data/lamapuit/chm_max_hag_13_drop/580539_2022_madal_chm_max_hag_20cm.tif,ok,,1.3,drop,0.2,1.3,drop,0.2,580539_2022_madal.laz,2026-03-23T19:47:50.442255Z,5000,5000,0.2,0.2,,-9999.0,25000000,10238630,14761370,59.04548,0.0,1.2999999523162842,0.08431092649698257,0.24747736752033234,5.380012879641072e-09,0.8051953911781311,1.2368707656860352
data/lamapuit/laz/580539_2023_madal.laz,data/lamapuit/chm_max_hag_13_drop/580539_2023_madal_chm_max_hag_20cm.tif,ok,,1.3,drop,0.2,1.3,drop,0.2,580539_2023_madal.laz,2026-03-23T19:48:03.896243Z,5000,5000,0.2,0.2,,-9999.0,25000000,9610358,15389642,61.558568,0.0,1.2999999523162842,0.0762452706694603,0.22985750436782837,5.715421025342948e-09,0.41896766424179077,1.22390615940094
data/lamapuit/laz/580540_2017_madal.laz,data/lamapuit/chm_max_hag_13_drop/580540_2017_madal_chm_max_hag_20cm.tif,ok,,1.3,drop,0.2,1.3,drop,0.2,580540_2017_madal.laz,2026-03-23T19:47:52.034187Z,5000,5001,0.2,0.2,,-9999.0,25005000,6315750,18689250,74.74205158968206,0.0,1.2999999523162842,0.024385664612054825,0.13717080652713776,1.9733690237444534e-09,0.055143147706985474,1.011877417564392
data/lamapuit/laz/580540_2018_madal.laz,data/lamapuit/chm_max_hag_13_drop/580540_2018_madal_chm_max_hag_20cm.tif,ok,,1.3,drop,0.2,1.3,drop,0.2,580540_2018_madal.laz,2026-03-23T19:48:07.443928Z,5000,5000,0.2,0.2,,-9999.0,25000000,7549148,17450852,69.803408,0.0,1.2999999523162842,0.025214876979589462,0.13615697622299194,2.4253523633888108e-09,0.057831183075904846,0.9866262674331665
data/lamapuit/laz/580540_2019_madal.laz,data/lamapuit/chm_max_hag_13_drop/580540_2019_madal_chm_max_hag_20cm.tif,ok,,1.3,drop,0.2,1.3,drop,0.2,580540_2019_madal.laz,2026-03-23T19:48:18.530367Z,5000,5000,0.2,0.2,,-9999.0,25000000,8958463,16041537,64.166148,0.0,1.2999999523162842,0.032099418342113495,0.15128304064273834,2.8961721909581684e-09,0.08907113969326019,1.0781105756759644
data/lamapuit/laz/580540_2020_madal.laz,data/lamapuit/chm_max_hag_13_drop/580540_2020_madal_chm_max_hag_20cm.tif,ok,,1.3,drop,0.2,1.3,drop,0.2,580540_2020_madal.laz,2026-03-23T19:48:17.905160Z,5000,5000,0.2,0.2,,-9999.0,25000000,8241388,16758612,67.034448,0.0,1.2999999523162842,0.030612867325544357,0.14709550142288208,2.6576998379823635e-09,0.08867140114307404,1.053646445274353
data/lamapuit/laz/580540_2021_madal.laz,data/lamapuit/chm_max_hag_13_drop/580540_2021_madal_chm_max_hag_20cm.tif,ok,,1.3,drop,0.2,1.3,drop,0.2,580540_2021_madal.laz,2026-03-23T19:48:32.034079Z,5000,5000,0.2,0.2,,-9999.0,25000000,8977515,16022485,64.08994,0.0,1.2999999523162842,0.03284372761845589,0.14882555603981018,3.2323868026651326e-09,0.09486310929059982,1.0665934085845947
data/lamapuit/laz/580540_2022_madal.laz,data/lamapuit/chm_max_hag_13_drop/580540_2022_madal_chm_max_hag_20cm.tif,ok,,1.3,drop,0.2,1.3,drop,0.2,580540_2022_madal.laz,2026-03-23T19:48:36.347783Z,5000,5000,0.2,0.2,,-9999.0,25000000,8671951,16328049,65.312196,0.0,1.2999999523162842,0.041760772466659546,0.17307086288928986,3.123481917555182e-09,0.11270374059677124,1.1299999952316284
data/lamapuit/laz/580540_2023_madal.laz,data/lamapuit/chm_max_hag_13_drop/580540_2023_madal_chm_max_hag_20cm.tif,ok,,1.3,drop,0.2,1.3,drop,0.2,580540_2023_madal.laz,2026-03-23T19:48:48.687006Z,5000,5000,0.2,0.2,,-9999.0,25000000,8472450,16527550,66.1102,0.0,1.2999999523162842,0.04233137145638466,0.17121544480323792,3.2879867717383604e-09,0.11883293837308884,1.1201421022415161
data/lamapuit/laz/580543_2017_madal.laz,data/lamapuit/chm_max_hag_13_drop/580543_2017_madal_chm_max_hag_20cm.tif,ok,,1.3,drop,0.2,1.3,drop,0.2,580543_2017_madal.laz,2026-03-23T19:48:37.676048Z,5000,5001,0.2,0.2,,-9999.0,25005000,6800912,18204088,72.80179164167167,0.0,1.2999999523162842,0.025608541443943977,0.13408774137496948,2.3327544340645545e-09,0.07278984785079956,0.9900000095367432
data/lamapuit/laz/580543_2018_madal.laz,data/lamapuit/chm_max_hag_13_drop/580543_2018_madal_chm_max_hag_20cm.tif,ok,,1.3,drop,0.2,1.3,drop,0.2,580543_2018_madal.laz,2026-03-23T19:48:56.145011Z,5000,5000,0.2,0.2,,-9999.0,25000000,8450110,16549890,66.19956,0.0,1.2999999523162842,0.02410062775015831,0.12977856397628784,2.837538204403245e-09,0.06279556453227997,0.9442022442817688
data/lamapuit/laz/580543_2019_madal.laz,data/lamapuit/chm_max_hag_13_drop/580543_2019_madal_chm_max_hag_20cm.tif,ok,,1.3,drop,0.2,1.3,drop,0.2,580543_2019_madal.laz,2026-03-23T19:49:12.123804Z,5000,5000,0.2,0.2,,-9999.0,25000000,9842660,15157340,60.62936,0.0,1.2999999523162842,0.03692794218659401,0.15518690645694733,3.170605111790792e-09,0.13615629076957703,1.106523036956787
data/lamapuit/laz/580543_2020_madal.laz,data/lamapuit/chm_max_hag_13_drop/580543_2020_madal_chm_max_hag_20cm.tif,ok,,1.3,drop,0.2,1.3,drop,0.2,580543_2020_madal.laz,2026-03-23T19:49:09.595147Z,5000,5000,0.2,0.2,,-9999.0,25000000,9180215,15819785,63.27914,0.0,1.2999999523162842,0.03824753314256668,0.15748415887355804,3.1351419238490053e-09,0.14063026010990143,1.1157960891723633
data/lamapuit/laz/580543_2021_madal.laz,data/lamapuit/chm_max_hag_13_drop/580543_2021_madal_chm_max_hag_20cm.tif,ok,,1.3,drop,0.2,1.3,drop,0.2,580543_2021_madal.laz,2026-03-23T19:49:19.192154Z,5000,5000,0.2,0.2,,-9999.0,25000000,9630894,15369106,61.476424,0.0,1.2999999523162842,0.04516630247235298,0.17661748826503754,3.3295144419298595e-09,0.16205015778541565,1.1711190938949585
data/lamapuit/laz/580543_2022_madal.laz,data/lamapuit/chm_max_hag_13_drop/580543_2022_madal_chm_max_hag_20cm.tif,ok,,1.3,drop,0.2,1.3,drop,0.2,580543_2022_madal.laz,2026-03-23T19:49:28.374637Z,5000,5000,0.2,0.2,,-9999.0,25000000,9859007,15140993,60.563972,0.0,1.2999999523162842,0.060731079429388046,0.21228040754795074,3.4789451319738873e-09,0.2917783260345459,1.1981935501098633
data/lamapuit/laz/580543_2023_madal.laz,data/lamapuit/chm_max_hag_13_drop/580543_2023_madal_chm_max_hag_20cm.tif,ok,,1.3,drop,0.2,1.3,drop,0.2,580543_2023_madal.laz,2026-03-23T19:49:38.766571Z,5000,5000,0.2,0.2,,-9999.0,25000000,9235183,15764817,63.059268,0.0,1.2999999523162842,0.06245358660817146,0.21333155035972595,3.424567296406167e-09,0.32913580536842346,1.1938865184783936
data/lamapuit/laz/581543_2017_madal.laz,data/lamapuit/chm_max_hag_13_drop/581543_2017_madal_chm_max_hag_20cm.tif,ok,,1.3,drop,0.2,1.3,drop,0.2,581543_2017_madal.laz,2026-03-23T19:49:32.360083Z,5000,5000,0.2,0.2,,-9999.0,25000000,6944682,18055318,72.221272,0.0,1.2999999523162842,0.030160773545503616,0.1510474979877472,2.117481301411317e-09,0.0731193944811821,1.0931549072265625
data/lamapuit/laz/581543_2018_madal.laz,data/lamapuit/chm_max_hag_13_drop/581543_2018_madal_chm_max_hag_20cm.tif,ok,,1.3,drop,0.2,1.3,drop,0.2,581543_2018_madal.laz,2026-03-23T19:49:46.086583Z,5000,5000,0.2,0.2,,-9999.0,25000000,9192314,15807686,63.230744,0.0,1.2999999523162842,0.030571123585104942,0.1516384333372116,2.6973623334924923e-09,0.068543940782547,1.0784786939620972
data/lamapuit/laz/581543_2019_madal.laz,data/lamapuit/chm_max_hag_13_drop/581543_2019_madal_chm_max_hag_20cm.tif,ok,,1.3,drop,0.2,1.3,drop,0.2,581543_2019_madal.laz,2026-03-23T19:50:01.825941Z,5000,5000,0.2,0.2,,-9999.0,25000000,10193238,14806762,59.227048,0.0,1.2999999523162842,0.03990554437041283,0.1734260618686676,2.7999718099636084e-09,0.12630152702331543,1.16205894947052
data/lamapuit/laz/581543_2020_madal.laz,data/lamapuit/chm_max_hag_13_drop/581543_2020_madal_chm_max_hag_20cm.tif,ok,,1.3,drop,0.2,1.3,drop,0.2,581543_2020_madal.laz,2026-03-23T19:50:04.332663Z,5000,5000,0.2,0.2,,-9999.0,25000000,9625087,15374913,61.499652,0.0,1.2999999523162842,0.042420972138643265,0.17794108390808105,2.828421941103443e-09,0.13747043907642365,1.168642282485962
data/lamapuit/laz/581543_2021_madal.laz,data/lamapuit/chm_max_hag_13_drop/581543_2021_madal_chm_max_hag_20cm.tif,ok,,1.3,drop,0.2,1.3,drop,0.2,581543_2021_madal.laz,2026-03-23T19:50:12.642185Z,5000,5000,0.2,0.2,,-9999.0,25000000,10171777,14828223,59.312892,0.0,1.2999999523162842,0.04203753545880318,0.17694918811321259,2.821273881181696e-09,0.13687540590763092,1.1697075366973877
data/lamapuit/laz/581543_2022_madal.laz,data/lamapuit/chm_max_hag_13_drop/581543_2022_madal_chm_max_hag_20cm.tif,ok,,1.3,drop,0.2,1.3,drop,0.2,581543_2022_madal.laz,2026-03-23T19:50:21.036320Z,5000,5000,0.2,0.2,,-9999.0,25000000,9800450,15199550,60.7982,0.0,1.2999999523162842,0.059034571051597595,0.2131125032901764,2.940858223610121e-09,0.31602799892425537,1.1978930234909058
data/lamapuit/laz/581543_2023_madal.laz,data/lamapuit/chm_max_hag_13_drop/581543_2023_madal_chm_max_hag_20cm.tif,ok,,1.3,drop,0.2,1.3,drop,0.2,581543_2023_madal.laz,2026-03-23T19:50:35.339461Z,5000,5000,0.2,0.2,,-9999.0,25000000,9951749,15048251,60.193004,0.0,1.2999999523162842,0.05382615327835083,0.20233170688152313,2.907803775542561e-09,0.22859624028205872,1.1844968795776367
data/lamapuit/laz/582543_2017_madal.laz,data/lamapuit/chm_max_hag_13_drop/582543_2017_madal_chm_max_hag_20cm.tif,ok,,1.3,drop,0.2,1.3,drop,0.2,582543_2017_madal.laz,2026-03-23T19:50:25.239065Z,5000,5000,0.2,0.2,,-9999.0,25000000,5916369,19083631,76.334524,0.0,1.2999999523162842,0.04599388688802719,0.18368664383888245,2.9790143685204384e-09,0.16018135845661163,1.1726521253585815
data/lamapuit/laz/582543_2018_madal.laz,data/lamapuit/chm_max_hag_13_drop/582543_2018_madal_chm_max_hag_20cm.tif,ok,,1.3,drop,0.2,1.3,drop,0.2,582543_2018_madal.laz,2026-03-23T19:50:38.903309Z,5000,5000,0.2,0.2,,-9999.0,25000000,7980423,17019577,68.078308,0.0,1.2999999523162842,0.04151911288499832,0.1751139611005783,3.605833853725926e-09,0.12599602341651917,1.1483193635940552
data/lamapuit/laz/582543_2019_madal.laz,data/lamapuit/chm_max_hag_13_drop/582543_2019_madal_chm_max_hag_20cm.tif,ok,,1.3,drop,0.2,1.3,drop,0.2,582543_2019_madal.laz,2026-03-23T19:50:52.262534Z,5000,5000,0.2,0.2,,-9999.0,25000000,9322655,15677345,62.70938,0.0,1.2999999523162842,0.06003241613507271,0.2054208368062973,3.745313392755634e-09,0.26575523614883423,1.2015156745910645
data/lamapuit/laz/582543_2020_madal.laz,data/lamapuit/chm_max_hag_13_drop/582543_2020_madal_chm_max_hag_20cm.tif,ok,,1.3,drop,0.2,1.3,drop,0.2,582543_2020_madal.laz,2026-03-23T19:51:02.176631Z,5000,5000,0.2,0.2,,-9999.0,25000000,9467743,15532257,62.129028,0.0,1.2999999523162842,0.05649780482053757,0.19354860484600067,3.990436425738153e-09,0.22041863203048706,1.1882448196411133
data/lamapuit/laz/582543_2021_madal.laz,data/lamapuit/chm_max_hag_13_drop/582543_2021_madal_chm_max_hag_20cm.tif,ok,,1.3,drop,0.2,1.3,drop,0.2,582543_2021_madal.laz,2026-03-23T19:51:07.456526Z,5000,5000,0.2,0.2,,-9999.0,25000000,8883615,16116385,64.46554,0.0,1.2999999523162842,0.06583118438720703,0.20954491198062897,4.120813912322774e-09,0.29930579662323,1.2052563428878784
data/lamapuit/laz/582543_2022_madal.laz,data/lamapuit/chm_max_hag_13_drop/582543_2022_madal_chm_max_hag_20cm.tif,ok,,1.3,drop,0.2,1.3,drop,0.2,582543_2022_madal.laz,2026-03-23T19:51:12.048195Z,5000,5000,0.2,0.2,,-9999.0,25000000,8537396,16462604,65.850416,0.0,1.2999999523162842,0.08600793033838272,0.2475164830684662,4.726231850327167e-09,0.7890225648880005,1.2280000448226929
data/lamapuit/laz/582543_2023_madal.laz,data/lamapuit/chm_max_hag_13_drop/582543_2023_madal_chm_max_hag_20cm.tif,ok,,1.3,drop,0.2,1.3,drop,0.2,582543_2023_madal.laz,2026-03-23T19:51:25.879813Z,5000,5000,0.2,0.2,,-9999.0,25000000,8894272,16105728,64.422912,0.0,1.2999999523162842,0.07946573942899704,0.23427461087703705,4.766064876093878e-09,0.6399999856948853,1.2150015830993652
data/lamapuit/laz/594728_2021_madal.laz,data/lamapuit/chm_max_hag_13_drop/594728_2021_madal_chm_max_hag_20cm.tif,ok,,1.3,drop,0.2,1.3,drop,0.2,594728_2021_madal.laz,2026-03-23T19:51:11.391156Z,5000,5000,0.2,0.2,,-9999.0,25000000,2149003,22850997,91.403988,0.0,1.2999999523162842,0.12309872359037399,0.2756491005420685,4.487406002340322e-09,0.9122053980827332,1.2341195344924927
data/lamapuit/laz/594728_2022_tava.laz,data/lamapuit/chm_max_hag_13_drop/594728_2022_tava_chm_max_hag_20cm.tif,ok,,1.3,drop,0.2,1.3,drop,0.2,594728_2022_tava.laz,2026-03-23T19:51:17.704537Z,5000,5000,0.2,0.2,,-9999.0,25000000,2322825,22677175,90.7087,0.0,1.2999999523162842,0.10539517551660538,0.25450506806373596,5.325949459233925e-09,0.827890157699585,1.2168679237365723
data/lamapuit/laz/601546_2019_madal.laz,data/lamapuit/chm_max_hag_13_drop/601546_2019_madal_chm_max_hag_20cm.tif,ok,,1.3,drop,0.2,1.3,drop,0.2,601546_2019_madal.laz,2026-03-23T19:51:48.529977Z,5000,5000,0.2,0.2,,-9999.0,25000000,7465036,17534964,70.139856,0.0,1.2999999523162842,0.09574016183614731,0.24909056723117828,4.754602045409229e-09,0.7630553245544434,1.2262794971466064
data/lamapuit/laz/601546_2020_madal.laz,data/lamapuit/chm_max_hag_13_drop/601546_2020_madal_chm_max_hag_20cm.tif,ok,,1.3,drop,0.2,1.3,drop,0.2,601546_2020_madal.laz,2026-03-23T19:51:48.530683Z,5000,5000,0.2,0.2,,-9999.0,25000000,7056469,17943531,71.774124,0.0,1.2999999523162842,0.09800500422716141,0.2530910074710846,4.634456374219553e-09,0.7941504716873169,1.2279773950576782
data/lamapuit/laz/601546_2021_madal.laz,data/lamapuit/chm_max_hag_13_drop/601546_2021_madal_chm_max_hag_20cm.tif,ok,,1.3,drop,0.2,1.3,drop,0.2,601546_2021_madal.laz,2026-03-23T19:51:55.171148Z,5000,5000,0.2,0.2,,-9999.0,25000000,7203858,17796142,71.184568,0.0,1.2999999523162842,0.0988253802061081,0.25471949577331543,4.574743250884694e-09,0.8040825128555298,1.2293704748153687
data/lamapuit/laz/601546_2022_madal.laz,data/lamapuit/chm_max_hag_13_drop/601546_2022_madal_chm_max_hag_20cm.tif,ok,,1.3,drop,0.2,1.3,drop,0.2,601546_2022_madal.laz,2026-03-23T19:52:03.649009Z,5000,5000,0.2,0.2,,-9999.0,25000000,7255111,17744889,70.979556,0.0,1.2999999523162842,0.11950313299894333,0.27858617901802063,8.951426266889939e-09,0.9436543583869934,1.2386150360107422
data/lamapuit/laz/601546_2023_madal.laz,data/lamapuit/chm_max_hag_13_drop/601546_2023_madal_chm_max_hag_20cm.tif,ok,,1.3,drop,0.2,1.3,drop,0.2,601546_2023_madal.laz,2026-03-23T19:52:20.377662Z,5000,5000,0.2,0.2,,-9999.0,25000000,6974972,18025028,72.100112,0.0,1.2999999523162842,0.1142784133553505,0.2681214511394501,9.434595327206807e-09,0.8953397870063782,1.23150634765625
data/lamapuit/laz/601546_2024_madal.laz,data/lamapuit/chm_max_hag_13_drop/601546_2024_madal_chm_max_hag_20cm.tif,ok,,1.3,drop,0.2,1.3,drop,0.2,601546_2024_madal.laz,2026-03-23T19:52:22.419722Z,5000,5000,0.2,0.2,,-9999.0,25000000,6581542,18418458,73.673832,0.0,1.2999999523162842,0.12555308640003204,0.27879419922828674,0.0037056878209114075,0.9352759718894958,1.2365587949752808
data/lamapuit/laz/602546_2017_madal.laz,data/lamapuit/chm_max_hag_13_drop/602546_2017_madal_chm_max_hag_20cm.tif,ok,,1.3,drop,0.2,1.3,drop,0.2,602546_2017_madal.laz,2026-03-23T19:52:10.612447Z,5000,5002,0.2,0.2,,-9999.0,25010000,3259231,21750769,86.96828868452619,0.0,1.2999999523162842,0.09316211938858032,0.2574382722377777,3.763355849173422e-09,0.8224210739135742,1.2288341522216797
data/lamapuit/laz/602546_2018_madal.laz,data/lamapuit/chm_max_hag_13_drop/602546_2018_madal_chm_max_hag_20cm.tif,ok,,1.3,drop,0.2,1.3,drop,0.2,602546_2018_madal.laz,2026-03-23T19:52:22.420379Z,5000,5000,0.2,0.2,,-9999.0,25000000,3793085,21206915,84.82766,0.0,1.2999999523162842,0.10030800849199295,0.2660461366176605,4.3499390756096545e-09,0.8689237236976624,1.2288235425949097
data/lamapuit/laz/602546_2019_madal.laz,data/lamapuit/chm_max_hag_13_drop/602546_2019_madal_chm_max_hag_20cm.tif,ok,,1.3,drop,0.2,1.3,drop,0.2,602546_2019_madal.laz,2026-03-23T19:52:57.163237Z,5000,5000,0.2,0.2,,-9999.0,25000000,5744397,19255603,77.022412,0.0,1.2999999523162842,0.11202351003885269,0.26464128494262695,6.324551549141688e-09,0.8612440824508667,1.2337415218353271
data/lamapuit/laz/602546_2020_madal.laz,data/lamapuit/chm_max_hag_13_drop/602546_2020_madal_chm_max_hag_20cm.tif,ok,,1.3,drop,0.2,1.3,drop,0.2,602546_2020_madal.laz,2026-03-23T19:52:47.966064Z,5000,5000,0.2,0.2,,-9999.0,25000000,5337722,19662278,78.649112,0.0,1.2999999523162842,0.10814520716667175,0.25008514523506165,9.582047155731743e-09,0.7735446095466614,1.22130286693573
data/lamapuit/laz/602546_2021_madal.laz,data/lamapuit/chm_max_hag_13_drop/602546_2021_madal_chm_max_hag_20cm.tif,ok,,1.3,drop,0.2,1.3,drop,0.2,602546_2021_madal.laz,2026-03-23T19:52:56.149503Z,5000,5000,0.2,0.2,,-9999.0,25000000,5119026,19880974,79.523896,0.0,1.2999999523162842,0.1175544410943985,0.26847949624061584,6.280364672761607e-09,0.8768548965454102,1.2332578897476196
data/lamapuit/laz/602546_2022_madal.laz,data/lamapuit/chm_max_hag_13_drop/602546_2022_madal_chm_max_hag_20cm.tif,ok,,1.3,drop,0.2,1.3,drop,0.2,602546_2022_madal.laz,2026-03-23T19:52:47.967206Z,5000,5000,0.2,0.2,,-9999.0,25000000,4722446,20277554,81.110216,0.0,1.2999999523162842,0.13421954214572906,0.28361859917640686,0.005181998945772648,0.947319746017456,1.2378424406051636
data/lamapuit/laz/602546_2023_madal.laz,data/lamapuit/chm_max_hag_13_drop/602546_2023_madal_chm_max_hag_20cm.tif,ok,,1.3,drop,0.2,1.3,drop,0.2,602546_2023_madal.laz,2026-03-23T19:53:20.710519Z,5000,5000,0.2,0.2,,-9999.0,25000000,4957461,20042539,80.170156,0.0,1.2999999523162842,0.13018099963665009,0.27707573771476746,0.01054364163428545,0.9229971170425415,1.2337524890899658
data/lamapuit/laz/602546_2024_madal.laz,data/lamapuit/chm_max_hag_13_drop/602546_2024_madal_chm_max_hag_20cm.tif,ok,,1.3,drop,0.2,1.3,drop,0.2,602546_2024_madal.laz,2026-03-23T19:53:09.773284Z,5000,5000,0.2,0.2,,-9999.0,25000000,4452716,20547284,82.189136,0.0,1.2999999523162842,0.14253513514995575,0.28596603870391846,0.01988798752427101,0.9495856165885925,1.2365484237670898
