input_laz,output_chm,status,error,hag_max_requested,resolution_requested,tag_hag_max,tag_resolution,tag_source_laz,tag_proc_date,width,height,resolution_x,resolution_y,crs,nodata,total_pixels,valid_pixels,nodata_pixels,nodata_pct,hag_min,hag_max_observed,hag_mean,hag_std,hag_p50,hag_p95,hag_p99
data/lamapuit/laz/401675_2022_madal.laz,data/lamapuit/chm_max_hag_13/401675_2022_madal_chm_max_hag_20cm.tif,skipped_existing,,1.3,0.2,1.3,0.2,401675_2022_madal.laz,2026-03-23T15:30:18.212544Z,5000,3735,0.2,0.2,,-9999.0,18675000,10568068,8106932,43.41061311914324,0.0,1.2999999523162842,0.7641937136650085,0.6345964670181274,1.2999999523162842,1.2999999523162842,1.2999999523162842
data/lamapuit/laz/401676_2022_madal.laz,data/lamapuit/chm_max_hag_13/401676_2022_madal_chm_max_hag_20cm.tif,skipped_existing,,1.3,0.2,1.3,0.2,401676_2022_madal.laz,2026-03-23T15:30:18.211265Z,5000,3615,0.2,0.2,,-9999.0,18075000,9756229,8318771,46.02362932226833,0.0,1.2999999523162842,0.5708557963371277,0.6403645277023315,6.126612106527318e-09,1.2999999523162842,1.2999999523162842
data/lamapuit/laz/401677_2022_madal.laz,data/lamapuit/chm_max_hag_13/401677_2022_madal_chm_max_hag_20cm.tif,skipped_existing,,1.3,0.2,1.3,0.2,401677_2022_madal.laz,2026-03-23T15:30:17.909129Z,5000,3336,0.2,0.2,,-9999.0,16680000,9792932,6887068,41.28937649880096,0.0,1.2999999523162842,0.6961898803710938,0.6424694657325745,1.2999999523162842,1.2999999523162842,1.2999999523162842
data/lamapuit/laz/401678_2022_madal.laz,data/lamapuit/chm_max_hag_13/401678_2022_madal_chm_max_hag_20cm.tif,skipped_existing,,1.3,0.2,1.3,0.2,401678_2022_madal.laz,2026-03-23T15:30:18.211857Z,5000,3099,0.2,0.2,,-9999.0,15495000,9294050,6200950,40.019038399483705,0.0,1.2999999523162842,0.7953308820724487,0.6265018582344055,1.2999999523162842,1.2999999523162842,1.2999999523162842
data/lamapuit/laz/436646_2018_madal.laz,data/lamapuit/chm_max_hag_13/436646_2018_madal_chm_max_hag_20cm.tif,skipped_existing,,1.3,0.2,1.3,0.2,436646_2018_madal.laz,2026-03-23T15:30:41.262599Z,5000,5000,0.2,0.2,,-9999.0,25000000,17342964,7657036,30.628144,0.0,1.2999999523162842,0.5852367281913757,0.6420460343360901,0.0076166256330907345,1.2999999523162842,1.2999999523162842
data/lamapuit/laz/436646_2020_madal.laz,data/lamapuit/chm_max_hag_13/436646_2020_madal_chm_max_hag_20cm.tif,skipped_existing,,1.3,0.2,1.3,0.2,436646_2020_madal.laz,2026-03-23T15:30:47.610053Z,5000,5000,0.2,0.2,,-9999.0,25000000,18981035,6018965,24.07586,0.0,1.2999999523162842,0.6684476137161255,0.6438202857971191,1.2999999523162842,1.2999999523162842,1.2999999523162842
data/lamapuit/laz/436646_2022_madal.laz,data/lamapuit/chm_max_hag_13/436646_2022_madal_chm_max_hag_20cm.tif,skipped_existing,,1.3,0.2,1.3,0.2,436646_2022_madal.laz,2026-03-23T15:31:03.383636Z,5000,5000,0.2,0.2,,-9999.0,25000000,21274297,3725703,14.902812,0.0,1.2999999523162842,0.7090893983840942,0.6396397352218628,1.2999999523162842,1.2999999523162842,1.2999999523162842
data/lamapuit/laz/436646_2024_madal.laz,data/lamapuit/chm_max_hag_13/436646_2024_madal_chm_max_hag_20cm.tif,skipped_existing,,1.3,0.2,1.3,0.2,436646_2024_madal.laz,2026-03-23T15:30:43.025045Z,5000,5000,0.2,0.2,,-9999.0,25000000,18434364,6565636,26.262544,0.0,1.2999999523162842,0.7694681882858276,0.6282770037651062,1.2999999523162842,1.2999999523162842,1.2999999523162842
data/lamapuit/laz/436647_2018_madal.laz,data/lamapuit/chm_max_hag_13/436647_2018_madal_chm_max_hag_20cm.tif,skipped_existing,,1.3,0.2,1.3,0.2,436647_2018_madal.laz,2026-03-23T15:31:06.820324Z,5000,5000,0.2,0.2,,-9999.0,25000000,17743117,7256883,29.027532,0.0,1.2999999523162842,0.737550675868988,0.6402534246444702,1.2999999523162842,1.2999999523162842,1.2999999523162842
data/lamapuit/laz/436647_2020_madal.laz,data/lamapuit/chm_max_hag_13/436647_2020_madal_chm_max_hag_20cm.tif,skipped_existing,,1.3,0.2,1.3,0.2,436647_2020_madal.laz,2026-03-23T15:31:15.470784Z,5000,5000,0.2,0.2,,-9999.0,25000000,19282042,5717958,22.871832,0.0,1.2999999523162842,0.7403793931007385,0.6390185356140137,1.2999999523162842,1.2999999523162842,1.2999999523162842
data/lamapuit/laz/436647_2022_madal.laz,data/lamapuit/chm_max_hag_13/436647_2022_madal_chm_max_hag_20cm.tif,skipped_existing,,1.3,0.2,1.3,0.2,436647_2022_madal.laz,2026-03-23T15:31:38.241565Z,5000,5000,0.2,0.2,,-9999.0,25000000,21492474,3507526,14.030104,0.0,1.2999999523162842,0.8142399191856384,0.6228427290916443,1.2999999523162842,1.2999999523162842,1.2999999523162842
data/lamapuit/laz/436647_2024_madal.laz,data/lamapuit/chm_max_hag_13/436647_2024_madal_chm_max_hag_20cm.tif,skipped_existing,,1.3,0.2,1.3,0.2,436647_2024_madal.laz,2026-03-23T15:31:29.820714Z,5000,5000,0.2,0.2,,-9999.0,25000000,18683959,6316041,25.264164,0.0,1.2999999523162842,0.8949902057647705,0.59300297498703,1.2999999523162842,1.2999999523162842,1.2999999523162842
data/lamapuit/laz/436648_2018_madal.laz,data/lamapuit/chm_max_hag_13/436648_2018_madal_chm_max_hag_20cm.tif,skipped_existing,,1.3,0.2,1.3,0.2,436648_2018_madal.laz,2026-03-23T15:31:29.821436Z,5000,5000,0.2,0.2,,-9999.0,25000000,17346535,7653465,30.61386,0.0,1.2999999523162842,0.5474361181259155,0.6382160186767578,5.6591602515254635e-09,1.2999999523162842,1.2999999523162842
data/lamapuit/laz/436648_2020_madal.laz,data/lamapuit/chm_max_hag_13/436648_2020_madal_chm_max_hag_20cm.tif,skipped_existing,,1.3,0.2,1.3,0.2,436648_2020_madal.laz,2026-03-23T15:31:48.773582Z,5000,5000,0.2,0.2,,-9999.0,25000000,19069790,5930210,23.72084,0.0,1.2999999523162842,0.6224313974380493,0.6452190279960632,0.032019492238759995,1.2999999523162842,1.2999999523162842
data/lamapuit/laz/436648_2022_madal.laz,data/lamapuit/chm_max_hag_13/436648_2022_madal_chm_max_hag_20cm.tif,skipped_existing,,1.3,0.2,1.3,0.2,436648_2022_madal.laz,2026-03-23T15:32:18.569311Z,5000,5000,0.2,0.2,,-9999.0,25000000,20976788,4023212,16.092848,0.0,1.2999999523162842,0.6544437408447266,0.6448346972465515,0.863747239112854,1.2999999523162842,1.2999999523162842
data/lamapuit/laz/436648_2024_madal.laz,data/lamapuit/chm_max_hag_13/436648_2024_madal_chm_max_hag_20cm.tif,skipped_existing,,1.3,0.2,1.3,0.2,436648_2024_madal.laz,2026-03-23T15:31:56.699988Z,5000,5000,0.2,0.2,,-9999.0,25000000,18305197,6694803,26.779212,0.0,1.2999999523162842,0.7067548036575317,0.6419594287872314,1.2999999523162842,1.2999999523162842,1.2999999523162842
data/lamapuit/laz/437646_2018_madal.laz,data/lamapuit/chm_max_hag_13/437646_2018_madal_chm_max_hag_20cm.tif,skipped_existing,,1.3,0.2,1.3,0.2,437646_2018_madal.laz,2026-03-23T15:32:01.880850Z,5000,5000,0.2,0.2,,-9999.0,25000000,17888524,7111476,28.445904,0.0,1.2999999523162842,0.582179605960846,0.6417409181594849,0.010034819133579731,1.2999999523162842,1.2999999523162842
data/lamapuit/laz/437646_2020_madal.laz,data/lamapuit/chm_max_hag_13/437646_2020_madal_chm_max_hag_20cm.tif,skipped_existing,,1.3,0.2,1.3,0.2,437646_2020_madal.laz,2026-03-23T15:32:15.389238Z,5000,5000,0.2,0.2,,-9999.0,25000000,18919436,6080564,24.322256,0.0,1.2999999523162842,0.6541543006896973,0.6438296437263489,0.7400000095367432,1.2999999523162842,1.2999999523162842
data/lamapuit/laz/437646_2024_madal.laz,data/lamapuit/chm_max_hag_13/437646_2024_madal_chm_max_hag_20cm.tif,skipped_existing,,1.3,0.2,1.3,0.2,437646_2024_madal.laz,2026-03-23T15:32:24.761230Z,5000,5000,0.2,0.2,,-9999.0,25000000,19623426,5376574,21.506296,0.0,1.2999999523162842,0.7657471299171448,0.6278430819511414,1.2999999523162842,1.2999999523162842,1.2999999523162842
data/lamapuit/laz/437647_2018_madal.laz,data/lamapuit/chm_max_hag_13/437647_2018_madal_chm_max_hag_20cm.tif,skipped_existing,,1.3,0.2,1.3,0.2,437647_2018_madal.laz,2026-03-23T15:32:24.761934Z,5000,5000,0.2,0.2,,-9999.0,25000000,17488868,7511132,30.044528,0.0,1.2999999523162842,0.45431822538375854,0.6151576638221741,3.7267966490617255e-09,1.2999999523162842,1.2999999523162842
data/lamapuit/laz/437647_2020_madal.laz,data/lamapuit/chm_max_hag_13/437647_2020_madal_chm_max_hag_20cm.tif,skipped_existing,,1.3,0.2,1.3,0.2,437647_2020_madal.laz,2026-03-23T15:32:38.722823Z,5000,5000,0.2,0.2,,-9999.0,25000000,18622168,6377832,25.511328,0.0,1.2999999523162842,0.4962315857410431,0.6265805959701538,4.639844064513454e-09,1.2999999523162842,1.2999999523162842
data/lamapuit/laz/437647_2022_madal.laz,data/lamapuit/chm_max_hag_13/437647_2022_madal_chm_max_hag_20cm.tif,skipped_existing,,1.3,0.2,1.3,0.2,437647_2022_madal.laz,2026-03-23T15:33:17.650289Z,5000,5000,0.2,0.2,,-9999.0,25000000,23521636,1478364,5.913456,0.0,1.2999999523162842,0.536774754524231,0.6325217485427856,0.018438801169395447,1.2999999523162842,1.2999999523162842
data/lamapuit/laz/437647_2024_madal.laz,data/lamapuit/chm_max_hag_13/437647_2024_madal_chm_max_hag_20cm.tif,skipped_existing,,1.3,0.2,1.3,0.2,437647_2024_madal.laz,2026-03-23T15:32:49.493113Z,5000,5000,0.2,0.2,,-9999.0,25000000,18909787,6090213,24.360852,0.0,1.2999999523162842,0.5659903287887573,0.6369659900665283,0.016178058460354805,1.2999999523162842,1.2999999523162842
data/lamapuit/laz/437648_2018_madal.laz,data/lamapuit/chm_max_hag_13/437648_2018_madal_chm_max_hag_20cm.tif,skipped_existing,,1.3,0.2,1.3,0.2,437648_2018_madal.laz,2026-03-23T15:32:49.492304Z,5000,5000,0.2,0.2,,-9999.0,25000000,18222984,6777016,27.108064,0.0,1.2999999523162842,0.6508110165596008,0.6462969183921814,0.6153833866119385,1.2999999523162842,1.2999999523162842
data/lamapuit/laz/437648_2020_madal.laz,data/lamapuit/chm_max_hag_13/437648_2020_madal_chm_max_hag_20cm.tif,skipped_existing,,1.3,0.2,1.3,0.2,437648_2020_madal.laz,2026-03-23T15:33:10.692724Z,5000,5000,0.2,0.2,,-9999.0,25000000,20049353,4950647,19.802588,0.0,1.2999999523162842,0.7340782880783081,0.6404551267623901,1.2999999523162842,1.2999999523162842,1.2999999523162842
data/lamapuit/laz/437648_2024_madal.laz,data/lamapuit/chm_max_hag_13/437648_2024_madal_chm_max_hag_20cm.tif,skipped_existing,,1.3,0.2,1.3,0.2,437648_2024_madal.laz,2026-03-23T15:33:20.150837Z,5000,5000,0.2,0.2,,-9999.0,25000000,19776198,5223802,20.895208,0.0,1.2999999523162842,0.7971283197402954,0.6253282427787781,1.2999999523162842,1.2999999523162842,1.2999999523162842
data/lamapuit/laz/445396_2022_madal.laz,data/lamapuit/chm_max_hag_13/445396_2022_madal_chm_max_hag_20cm.tif,skipped_existing,,1.3,0.2,1.3,0.2,445396_2022_madal.laz,2026-03-23T15:33:22.414519Z,5000,5000,0.2,0.2,,-9999.0,25000000,18852562,6147438,24.589752,0.0,1.2999999523162842,0.7797238230705261,0.6284734606742859,1.2999999523162842,1.2999999523162842,1.2999999523162842
data/lamapuit/laz/451397_2022_madal.laz,data/lamapuit/chm_max_hag_13/451397_2022_madal_chm_max_hag_20cm.tif,skipped_existing,,1.3,0.2,1.3,0.2,451397_2022_madal.laz,2026-03-23T15:33:28.513370Z,3586,5000,0.2,0.2,,-9999.0,17930000,11796198,6133802,34.209715560513104,0.0,1.2999999523162842,0.7475935220718384,0.6349132657051086,1.2999999523162842,1.2999999523162842,1.2999999523162842
data/lamapuit/laz/470383_2022_madal.laz,data/lamapuit/chm_max_hag_13/470383_2022_madal_chm_max_hag_20cm.tif,skipped_existing,,1.3,0.2,1.3,0.2,470383_2022_madal.laz,2026-03-23T15:33:36.341453Z,5000,4961,0.2,0.2,,-9999.0,24805000,12543019,12261981,49.43350534166499,0.0,1.2999999523162842,0.47331881523132324,0.6178685426712036,2.833180579031591e-09,1.2999999523162842,1.2999999523162842
data/lamapuit/laz/492473_2022_madal.laz,data/lamapuit/chm_max_hag_13/492473_2022_madal_chm_max_hag_20cm.tif,skipped_existing,,1.3,0.2,1.3,0.2,492473_2022_madal.laz,2026-03-23T15:33:45.729416Z,5000,5000,0.2,0.2,,-9999.0,25000000,17239324,7760676,31.042704,0.0,1.2999999523162842,0.4790342152118683,0.6062639951705933,8.344358093381743e-09,1.2999999523162842,1.2999999523162842
data/lamapuit/laz/494475_2022_madal.laz,data/lamapuit/chm_max_hag_13/494475_2022_madal_chm_max_hag_20cm.tif,skipped_existing,,1.3,0.2,1.3,0.2,494475_2022_madal.laz,2026-03-23T15:33:42.459770Z,5000,3828,0.2,0.2,,-9999.0,19140000,12672995,6467005,33.787904911180775,0.0,1.2999999523162842,0.6562624573707581,0.6349363327026367,0.5184817910194397,1.2999999523162842,1.2999999523162842
data/lamapuit/laz/538424_2019_madal.laz,data/lamapuit/chm_max_hag_13/538424_2019_madal_chm_max_hag_20cm.tif,skipped_existing,,1.3,0.2,1.3,0.2,538424_2019_madal.laz,2026-03-23T15:33:43.712065Z,5000,5000,0.2,0.2,,-9999.0,25000000,11135644,13864356,55.457424,0.0,1.2999999523162842,0.7511858940124512,0.6343406438827515,1.2999999523162842,1.2999999523162842,1.2999999523162842
data/lamapuit/laz/538424_2021_madal.laz,data/lamapuit/chm_max_hag_13/538424_2021_madal_chm_max_hag_20cm.tif,skipped_existing,,1.3,0.2,1.3,0.2,538424_2021_madal.laz,2026-03-23T15:33:54.982335Z,5000,5000,0.2,0.2,,-9999.0,25000000,11834545,13165455,52.66182,0.0,1.2999999523162842,0.7400020956993103,0.6357636451721191,1.2999999523162842,1.2999999523162842,1.2999999523162842
data/lamapuit/laz/579543_2017_madal.laz,data/lamapuit/chm_max_hag_13/579543_2017_madal_chm_max_hag_20cm.tif,skipped_existing,,1.3,0.2,1.3,0.2,579543_2017_madal.laz,2026-03-23T15:34:06.291725Z,5000,5001,0.2,0.2,,-9999.0,25005000,11757584,13247416,52.979068186362724,0.0,1.2999999523162842,0.5199884176254272,0.6330209374427795,5.543682846109732e-09,1.2999999523162842,1.2999999523162842
data/lamapuit/laz/579543_2018_madal.laz,data/lamapuit/chm_max_hag_13/579543_2018_madal_chm_max_hag_20cm.tif,skipped_existing,,1.3,0.2,1.3,0.2,579543_2018_madal.laz,2026-03-23T15:34:13.149155Z,5000,5000,0.2,0.2,,-9999.0,25000000,13379208,11620792,46.483168,0.0,1.2999999523162842,0.5230616927146912,0.6328834891319275,8.431878768533352e-07,1.2999999523162842,1.2999999523162842
data/lamapuit/laz/579543_2019_madal.laz,data/lamapuit/chm_max_hag_13/579543_2019_madal_chm_max_hag_20cm.tif,skipped_existing,,1.3,0.2,1.3,0.2,579543_2019_madal.laz,2026-03-23T15:34:14.746607Z,5000,5000,0.2,0.2,,-9999.0,25000000,13574950,11425050,45.7002,0.0,1.2999999523162842,0.5954881906509399,0.6424986124038696,0.036664415150880814,1.2999999523162842,1.2999999523162842
data/lamapuit/laz/579543_2020_madal.laz,data/lamapuit/chm_max_hag_13/579543_2020_madal_chm_max_hag_20cm.tif,skipped_existing,,1.3,0.2,1.3,0.2,579543_2020_madal.laz,2026-03-23T15:34:27.210778Z,5000,5000,0.2,0.2,,-9999.0,25000000,13854647,11145353,44.581412,0.0,1.2999999523162842,0.5594149231910706,0.633091926574707,0.04999908059835434,1.2999999523162842,1.2999999523162842
data/lamapuit/laz/579543_2021_madal.laz,data/lamapuit/chm_max_hag_13/579543_2021_madal_chm_max_hag_20cm.tif,skipped_existing,,1.3,0.2,1.3,0.2,579543_2021_madal.laz,2026-03-23T15:34:33.948463Z,5000,5000,0.2,0.2,,-9999.0,25000000,13592479,11407521,45.630084,0.0,1.2999999523162842,0.619043231010437,0.6439549922943115,0.06393715739250183,1.2999999523162842,1.2999999523162842
data/lamapuit/laz/579543_2022_madal.laz,data/lamapuit/chm_max_hag_13/579543_2022_madal_chm_max_hag_20cm.tif,skipped_existing,,1.3,0.2,1.3,0.2,579543_2022_madal.laz,2026-03-23T15:34:45.029991Z,5000,5000,0.2,0.2,,-9999.0,25000000,13774385,11225615,44.90246,0.0,1.2999999523162842,0.6572613716125488,0.6435788869857788,1.0,1.2999999523162842,1.2999999523162842
data/lamapuit/laz/579543_2023_madal.laz,data/lamapuit/chm_max_hag_13/579543_2023_madal_chm_max_hag_20cm.tif,skipped_existing,,1.3,0.2,1.3,0.2,579543_2023_madal.laz,2026-03-23T15:34:47.850188Z,5000,5000,0.2,0.2,,-9999.0,25000000,13917962,11082038,44.328152,0.0,1.2999999523162842,0.6493175029754639,0.6447544097900391,0.2504655122756958,1.2999999523162842,1.2999999523162842
data/lamapuit/laz/580535_2017_madal.laz,data/lamapuit/chm_max_hag_13/580535_2017_madal_chm_max_hag_20cm.tif,skipped_existing,,1.3,0.2,1.3,0.2,580535_2017_madal.laz,2026-03-23T15:34:45.027182Z,5000,5001,0.2,0.2,,-9999.0,25005000,15034330,9970670,39.874705058988205,0.0,1.2999999523162842,0.6880497932434082,0.6451526284217834,1.2999999523162842,1.2999999523162842,1.2999999523162842
data/lamapuit/laz/580535_2018_madal.laz,data/lamapuit/chm_max_hag_13/580535_2018_madal_chm_max_hag_20cm.tif,skipped_existing,,1.3,0.2,1.3,0.2,580535_2018_madal.laz,2026-03-23T15:34:56.708780Z,5000,5000,0.2,0.2,,-9999.0,25000000,17488875,7511125,30.0445,0.0,1.2999999523162842,0.6816798448562622,0.6451495885848999,1.2999999523162842,1.2999999523162842,1.2999999523162842
data/lamapuit/laz/580535_2019_madal.laz,data/lamapuit/chm_max_hag_13/580535_2019_madal_chm_max_hag_20cm.tif,skipped_existing,,1.3,0.2,1.3,0.2,580535_2019_madal.laz,2026-03-23T15:35:14.261089Z,5000,5000,0.2,0.2,,-9999.0,25000000,19135149,5864851,23.459404,0.0,1.2999999523162842,0.7359338998794556,0.6398463249206543,1.2999999523162842,1.2999999523162842,1.2999999523162842
data/lamapuit/laz/580535_2020_madal.laz,data/lamapuit/chm_max_hag_13/580535_2020_madal_chm_max_hag_20cm.tif,skipped_existing,,1.3,0.2,1.3,0.2,580535_2020_madal.laz,2026-03-23T15:35:11.662118Z,5000,5000,0.2,0.2,,-9999.0,25000000,18212383,6787617,27.150468,0.0,1.2999999523162842,0.7340696454048157,0.6401893496513367,1.2999999523162842,1.2999999523162842,1.2999999523162842
data/lamapuit/laz/580535_2021_madal.laz,data/lamapuit/chm_max_hag_13/580535_2021_madal_chm_max_hag_20cm.tif,skipped_existing,,1.3,0.2,1.3,0.2,580535_2021_madal.laz,2026-03-23T15:35:13.810268Z,5000,5000,0.2,0.2,,-9999.0,25000000,18476191,6523809,26.095236,0.0,1.2999999523162842,0.7379593849182129,0.6387653946876526,1.2999999523162842,1.2999999523162842,1.2999999523162842
data/lamapuit/laz/580535_2022_madal.laz,data/lamapuit/chm_max_hag_13/580535_2022_madal_chm_max_hag_20cm.tif,skipped_existing,,1.3,0.2,1.3,0.2,580535_2022_madal.laz,2026-03-23T15:35:24.659428Z,5000,5000,0.2,0.2,,-9999.0,25000000,19212259,5787741,23.150964,0.0,1.2999999523162842,0.7562106251716614,0.6361743211746216,1.2999999523162842,1.2999999523162842,1.2999999523162842
data/lamapuit/laz/580535_2023_madal.laz,data/lamapuit/chm_max_hag_13/580535_2023_madal_chm_max_hag_20cm.tif,skipped_existing,,1.3,0.2,1.3,0.2,580535_2023_madal.laz,2026-03-23T15:35:37.467835Z,5000,5000,0.2,0.2,,-9999.0,25000000,18604378,6395622,25.582488,0.0,1.2999999523162842,0.7425273656845093,0.6383468508720398,1.2999999523162842,1.2999999523162842,1.2999999523162842
data/lamapuit/laz/580536_2017_madal.laz,data/lamapuit/chm_max_hag_13/580536_2017_madal_chm_max_hag_20cm.tif,skipped_existing,,1.3,0.2,1.3,0.2,580536_2017_madal.laz,2026-03-23T15:35:33.169115Z,5000,5001,0.2,0.2,,-9999.0,25005000,15070226,9934774,39.73114977004599,0.0,1.2999999523162842,0.541820228099823,0.6368263959884644,4.171063494595728e-09,1.2999999523162842,1.2999999523162842
data/lamapuit/laz/580536_2018_madal.laz,data/lamapuit/chm_max_hag_13/580536_2018_madal_chm_max_hag_20cm.tif,skipped_existing,,1.3,0.2,1.3,0.2,580536_2018_madal.laz,2026-03-23T15:35:37.466403Z,5000,5000,0.2,0.2,,-9999.0,25000000,17487853,7512147,30.048588,0.0,1.2999999523162842,0.5174638628959656,0.6317528486251831,5.696954019640543e-09,1.2999999523162842,1.2999999523162842
data/lamapuit/laz/580536_2019_madal.laz,data/lamapuit/chm_max_hag_13/580536_2019_madal_chm_max_hag_20cm.tif,skipped_existing,,1.3,0.2,1.3,0.2,580536_2019_madal.laz,2026-03-23T15:35:50.714214Z,5000,5000,0.2,0.2,,-9999.0,25000000,18746964,6253036,25.012144,0.0,1.2999999523162842,0.5815074443817139,0.6416508555412292,1.551009987110774e-08,1.2999999523162842,1.2999999523162842
data/lamapuit/laz/580536_2020_madal.laz,data/lamapuit/chm_max_hag_13/580536_2020_madal_chm_max_hag_20cm.tif,skipped_existing,,1.3,0.2,1.3,0.2,580536_2020_madal.laz,2026-03-23T15:35:54.800303Z,5000,5000,0.2,0.2,,-9999.0,25000000,17874376,7125624,28.502496,0.0,1.2999999523162842,0.5688226222991943,0.6402468681335449,9.003393586226593e-09,1.2999999523162842,1.2999999523162842
data/lamapuit/laz/580536_2021_madal.laz,data/lamapuit/chm_max_hag_13/580536_2021_madal_chm_max_hag_20cm.tif,skipped_existing,,1.3,0.2,1.3,0.2,580536_2021_madal.laz,2026-03-23T15:36:03.262289Z,5000,5000,0.2,0.2,,-9999.0,25000000,18115938,6884062,27.536248,0.0,1.2999999523162842,0.5822473764419556,0.6408602595329285,0.017924882471561432,1.2999999523162842,1.2999999523162842
data/lamapuit/laz/580536_2022_madal.laz,data/lamapuit/chm_max_hag_13/580536_2022_madal_chm_max_hag_20cm.tif,skipped_existing,,1.3,0.2,1.3,0.2,580536_2022_madal.laz,2026-03-23T15:36:05.434521Z,5000,5000,0.2,0.2,,-9999.0,25000000,18651780,6348220,25.39288,0.0,1.2999999523162842,0.6011215448379517,0.6423315405845642,0.024378575384616852,1.2999999523162842,1.2999999523162842
data/lamapuit/laz/580536_2023_madal.laz,data/lamapuit/chm_max_hag_13/580536_2023_madal_chm_max_hag_20cm.tif,skipped_existing,,1.3,0.2,1.3,0.2,580536_2023_madal.laz,2026-03-23T15:36:18.187990Z,5000,5000,0.2,0.2,,-9999.0,25000000,18268186,6731814,26.927256,0.0,1.2999999523162842,0.5801999568939209,0.6403292417526245,0.013718485832214355,1.2999999523162842,1.2999999523162842
data/lamapuit/laz/580537_2017_madal.laz,data/lamapuit/chm_max_hag_13/580537_2017_madal_chm_max_hag_20cm.tif,skipped_existing,,1.3,0.2,1.3,0.2,580537_2017_madal.laz,2026-03-23T15:36:15.151410Z,5000,5001,0.2,0.2,,-9999.0,25005000,15403974,9601026,38.39642471505699,0.0,1.2999999523162842,0.6633952856063843,0.6460192799568176,1.2999999523162842,1.2999999523162842,1.2999999523162842
data/lamapuit/laz/580537_2018_madal.laz,data/lamapuit/chm_max_hag_13/580537_2018_madal_chm_max_hag_20cm.tif,skipped_existing,,1.3,0.2,1.3,0.2,580537_2018_madal.laz,2026-03-23T15:36:27.807039Z,5000,5000,0.2,0.2,,-9999.0,25000000,17718822,7281178,29.124712,0.0,1.2999999523162842,0.6309173107147217,0.645414412021637,0.06251049041748047,1.2999999523162842,1.2999999523162842
data/lamapuit/laz/580537_2019_madal.laz,data/lamapuit/chm_max_hag_13/580537_2019_madal_chm_max_hag_20cm.tif,skipped_existing,,1.3,0.2,1.3,0.2,580537_2019_madal.laz,2026-03-23T15:36:34.479476Z,5000,5000,0.2,0.2,,-9999.0,25000000,19102244,5897756,23.591024,0.0,1.2999999523162842,0.703245222568512,0.6413767337799072,1.2999999523162842,1.2999999523162842,1.2999999523162842
data/lamapuit/laz/580537_2020_madal.laz,data/lamapuit/chm_max_hag_13/580537_2020_madal_chm_max_hag_20cm.tif,skipped_existing,,1.3,0.2,1.3,0.2,580537_2020_madal.laz,2026-03-23T15:36:40.856010Z,5000,5000,0.2,0.2,,-9999.0,25000000,18214773,6785227,27.140908,0.0,1.2999999523162842,0.6634898781776428,0.6433804035186768,1.2999999523162842,1.2999999523162842,1.2999999523162842
data/lamapuit/laz/580537_2021_madal.laz,data/lamapuit/chm_max_hag_13/580537_2021_madal_chm_max_hag_20cm.tif,skipped_existing,,1.3,0.2,1.3,0.2,580537_2021_madal.laz,2026-03-23T15:36:46.188172Z,5000,5000,0.2,0.2,,-9999.0,25000000,18831806,6168194,24.672776,0.0,1.2999999523162842,0.7000686526298523,0.6404305696487427,1.2999999523162842,1.2999999523162842,1.2999999523162842
data/lamapuit/laz/580537_2022_madal.laz,data/lamapuit/chm_max_hag_13/580537_2022_madal_chm_max_hag_20cm.tif,skipped_existing,,1.3,0.2,1.3,0.2,580537_2022_madal.laz,2026-03-23T15:36:55.196237Z,5000,5000,0.2,0.2,,-9999.0,25000000,18987699,6012301,24.049204,0.0,1.2999999523162842,0.7163486480712891,0.6377741694450378,1.2999999523162842,1.2999999523162842,1.2999999523162842
data/lamapuit/laz/580537_2023_madal.laz,data/lamapuit/chm_max_hag_13/580537_2023_madal_chm_max_hag_20cm.tif,skipped_existing,,1.3,0.2,1.3,0.2,580537_2023_madal.laz,2026-03-23T15:37:00.920269Z,5000,5000,0.2,0.2,,-9999.0,25000000,18583170,6416830,25.66732,0.0,1.2999999523162842,0.6822678446769714,0.6388024091720581,1.2999999523162842,1.2999999523162842,1.2999999523162842
data/lamapuit/laz/580538_2017_madal.laz,data/lamapuit/chm_max_hag_13/580538_2017_madal_chm_max_hag_20cm.tif,skipped_existing,,1.3,0.2,1.3,0.2,580538_2017_madal.laz,2026-03-23T15:36:57.286951Z,5000,5001,0.2,0.2,,-9999.0,25005000,14903802,10101198,40.396712657468505,0.0,1.2999999523162842,0.5489436984062195,0.6336506605148315,0.000582073931582272,1.2999999523162842,1.2999999523162842
data/lamapuit/laz/580538_2018_madal.laz,data/lamapuit/chm_max_hag_13/580538_2018_madal_chm_max_hag_20cm.tif,skipped_existing,,1.3,0.2,1.3,0.2,580538_2018_madal.laz,2026-03-23T15:37:09.850175Z,5000,5000,0.2,0.2,,-9999.0,25000000,17459144,7540856,30.163424,0.0,1.2999999523162842,0.556361198425293,0.6352584362030029,0.01177295669913292,1.2999999523162842,1.2999999523162842
data/lamapuit/laz/580538_2019_madal.laz,data/lamapuit/chm_max_hag_13/580538_2019_madal_chm_max_hag_20cm.tif,skipped_existing,,1.3,0.2,1.3,0.2,580538_2019_madal.laz,2026-03-23T15:37:20.882592Z,5000,5000,0.2,0.2,,-9999.0,25000000,18833246,6166754,24.667016,0.0,1.2999999523162842,0.6647847890853882,0.6378787159919739,1.0714592933654785,1.2999999523162842,1.2999999523162842
data/lamapuit/laz/580538_2020_madal.laz,data/lamapuit/chm_max_hag_13/580538_2020_madal_chm_max_hag_20cm.tif,skipped_existing,,1.3,0.2,1.3,0.2,580538_2020_madal.laz,2026-03-23T15:37:22.266206Z,5000,5000,0.2,0.2,,-9999.0,25000000,17989836,7010164,28.040656,0.0,1.2999999523162842,0.663145899772644,0.6381067037582397,1.0375471115112305,1.2999999523162842,1.2999999523162842
data/lamapuit/laz/580538_2021_madal.laz,data/lamapuit/chm_max_hag_13/580538_2021_madal_chm_max_hag_20cm.tif,skipped_existing,,1.3,0.2,1.3,0.2,580538_2021_madal.laz,2026-03-23T15:37:26.706407Z,5000,5000,0.2,0.2,,-9999.0,25000000,18919407,6080593,24.322372,0.0,1.2999999523162842,0.7090587019920349,0.6346691846847534,1.2999999523162842,1.2999999523162842,1.2999999523162842
data/lamapuit/laz/580538_2022_madal.laz,data/lamapuit/chm_max_hag_13/580538_2022_madal_chm_max_hag_20cm.tif,skipped_existing,,1.3,0.2,1.3,0.2,580538_2022_madal.laz,2026-03-23T15:37:39.438259Z,5000,5000,0.2,0.2,,-9999.0,25000000,19174789,5825211,23.300844,0.0,1.2999999523162842,0.7700564861297607,0.6265471577644348,1.2999999523162842,1.2999999523162842,1.2999999523162842
data/lamapuit/laz/580538_2023_madal.laz,data/lamapuit/chm_max_hag_13/580538_2023_madal_chm_max_hag_20cm.tif,skipped_existing,,1.3,0.2,1.3,0.2,580538_2023_madal.laz,2026-03-23T15:37:48.987618Z,5000,5000,0.2,0.2,,-9999.0,25000000,18819068,6180932,24.723728,0.0,1.2999999523162842,0.7534937262535095,0.6302894353866577,1.2999999523162842,1.2999999523162842,1.2999999523162842
data/lamapuit/laz/580539_2017_madal.laz,data/lamapuit/chm_max_hag_13/580539_2017_madal_chm_max_hag_20cm.tif,skipped_existing,,1.3,0.2,1.3,0.2,580539_2017_madal.laz,2026-03-23T15:37:40.703833Z,5000,5001,0.2,0.2,,-9999.0,25005000,15407425,9597575,38.38262347530494,0.0,1.2999999523162842,0.7075667977333069,0.6416692137718201,1.2999999523162842,1.2999999523162842,1.2999999523162842
data/lamapuit/laz/580539_2018_madal.laz,data/lamapuit/chm_max_hag_13/580539_2018_madal_chm_max_hag_20cm.tif,skipped_existing,,1.3,0.2,1.3,0.2,580539_2018_madal.laz,2026-03-23T15:37:50.055623Z,5000,5000,0.2,0.2,,-9999.0,25000000,17848685,7151315,28.60526,0.0,1.2999999523162842,0.7464717030525208,0.6378481388092041,1.2999999523162842,1.2999999523162842,1.2999999523162842
data/lamapuit/laz/580539_2019_madal.laz,data/lamapuit/chm_max_hag_13/580539_2019_madal_chm_max_hag_20cm.tif,skipped_existing,,1.3,0.2,1.3,0.2,580539_2019_madal.laz,2026-03-23T15:38:08.379885Z,5000,5000,0.2,0.2,,-9999.0,25000000,19253463,5746537,22.986148,0.0,1.2999999523162842,0.8082347512245178,0.6232362389564514,1.2999999523162842,1.2999999523162842,1.2999999523162842
data/lamapuit/laz/580539_2020_madal.laz,data/lamapuit/chm_max_hag_13/580539_2020_madal_chm_max_hag_20cm.tif,skipped_existing,,1.3,0.2,1.3,0.2,580539_2020_madal.laz,2026-03-23T15:38:08.379040Z,5000,5000,0.2,0.2,,-9999.0,25000000,18625808,6374192,25.496768,0.0,1.2999999523162842,0.8027952313423157,0.6248740553855896,1.2999999523162842,1.2999999523162842,1.2999999523162842
data/lamapuit/laz/580539_2021_madal.laz,data/lamapuit/chm_max_hag_13/580539_2021_madal_chm_max_hag_20cm.tif,skipped_existing,,1.3,0.2,1.3,0.2,580539_2021_madal.laz,2026-03-23T15:38:17.415570Z,5000,5000,0.2,0.2,,-9999.0,25000000,19204104,5795896,23.183584,0.0,1.2999999523162842,0.8367792367935181,0.6153849959373474,1.2999999523162842,1.2999999523162842,1.2999999523162842
data/lamapuit/laz/580539_2022_madal.laz,data/lamapuit/chm_max_hag_13/580539_2022_madal_chm_max_hag_20cm.tif,skipped_existing,,1.3,0.2,1.3,0.2,580539_2022_madal.laz,2026-03-23T15:38:21.335289Z,5000,5000,0.2,0.2,,-9999.0,25000000,19610191,5389809,21.559236,0.0,1.2999999523162842,0.891389787197113,0.5966584086418152,1.2999999523162842,1.2999999523162842,1.2999999523162842
data/lamapuit/laz/580539_2023_madal.laz,data/lamapuit/chm_max_hag_13/580539_2023_madal_chm_max_hag_20cm.tif,skipped_existing,,1.3,0.2,1.3,0.2,580539_2023_madal.laz,2026-03-23T15:38:36.473208Z,5000,5000,0.2,0.2,,-9999.0,25000000,19181107,5818893,23.275572,0.0,1.2999999523162842,0.8911487460136414,0.597055971622467,1.2999999523162842,1.2999999523162842,1.2999999523162842
data/lamapuit/laz/580540_2017_madal.laz,data/lamapuit/chm_max_hag_13/580540_2017_madal_chm_max_hag_20cm.tif,skipped_existing,,1.3,0.2,1.3,0.2,580540_2017_madal.laz,2026-03-23T15:38:25.711709Z,5000,5001,0.2,0.2,,-9999.0,25005000,13594901,11410099,45.63126974605079,0.0,1.2999999523162842,0.6601773500442505,0.6473291516304016,1.2999999523162842,1.2999999523162842,1.2999999523162842
data/lamapuit/laz/580540_2018_madal.laz,data/lamapuit/chm_max_hag_13/580540_2018_madal_chm_max_hag_20cm.tif,skipped_existing,,1.3,0.2,1.3,0.2,580540_2018_madal.laz,2026-03-23T15:38:36.484494Z,5000,5000,0.2,0.2,,-9999.0,25000000,15312976,9687024,38.748096,0.0,1.2999999523162842,0.6753148436546326,0.6464378237724304,1.2999999523162842,1.2999999523162842,1.2999999523162842
data/lamapuit/laz/580540_2019_madal.laz,data/lamapuit/chm_max_hag_13/580540_2019_madal_chm_max_hag_20cm.tif,skipped_existing,,1.3,0.2,1.3,0.2,580540_2019_madal.laz,2026-03-23T15:38:46.569623Z,5000,5000,0.2,0.2,,-9999.0,25000000,17115357,7884643,31.538572,0.0,1.2999999523162842,0.6863642930984497,0.6453334093093872,1.2999999523162842,1.2999999523162842,1.2999999523162842
data/lamapuit/laz/580540_2020_madal.laz,data/lamapuit/chm_max_hag_13/580540_2020_madal_chm_max_hag_20cm.tif,skipped_existing,,1.3,0.2,1.3,0.2,580540_2020_madal.laz,2026-03-23T15:38:48.954288Z,5000,5000,0.2,0.2,,-9999.0,25000000,16157386,8842614,35.370456,0.0,1.2999999523162842,0.7149060368537903,0.6431400179862976,1.2999999523162842,1.2999999523162842,1.2999999523162842
data/lamapuit/laz/580540_2021_madal.laz,data/lamapuit/chm_max_hag_13/580540_2021_madal_chm_max_hag_20cm.tif,skipped_existing,,1.3,0.2,1.3,0.2,580540_2021_madal.laz,2026-03-23T15:39:04.717700Z,5000,5000,0.2,0.2,,-9999.0,25000000,17630571,7369429,29.477716,0.0,1.2999999523162842,0.6945520639419556,0.6446278095245361,1.2999999523162842,1.2999999523162842,1.2999999523162842
data/lamapuit/laz/580540_2022_madal.laz,data/lamapuit/chm_max_hag_13/580540_2022_madal_chm_max_hag_20cm.tif,skipped_existing,,1.3,0.2,1.3,0.2,580540_2022_madal.laz,2026-03-23T15:39:04.762716Z,5000,5000,0.2,0.2,,-9999.0,25000000,17616378,7383622,29.534488,0.0,1.2999999523162842,0.7133854031562805,0.6430646777153015,1.2999999523162842,1.2999999523162842,1.2999999523162842
data/lamapuit/laz/580540_2023_madal.laz,data/lamapuit/chm_max_hag_13/580540_2023_madal_chm_max_hag_20cm.tif,skipped_existing,,1.3,0.2,1.3,0.2,580540_2023_madal.laz,2026-03-23T15:39:14.974501Z,5000,5000,0.2,0.2,,-9999.0,25000000,17411776,7588224,30.352896,0.0,1.2999999523162842,0.708503246307373,0.6430678963661194,1.2999999523162842,1.2999999523162842,1.2999999523162842
data/lamapuit/laz/580543_2017_madal.laz,data/lamapuit/chm_max_hag_13/580543_2017_madal_chm_max_hag_20cm.tif,skipped_existing,,1.3,0.2,1.3,0.2,580543_2017_madal.laz,2026-03-23T15:39:08.368777Z,5000,5001,0.2,0.2,,-9999.0,25005000,14287875,10717125,42.85992801439712,0.0,1.2999999523162842,0.6382473111152649,0.6467734575271606,0.06782235950231552,1.2999999523162842,1.2999999523162842
data/lamapuit/laz/580543_2018_madal.laz,data/lamapuit/chm_max_hag_13/580543_2018_madal_chm_max_hag_20cm.tif,skipped_existing,,1.3,0.2,1.3,0.2,580543_2018_madal.laz,2026-03-23T15:39:27.906860Z,5000,5000,0.2,0.2,,-9999.0,25000000,16377456,8622544,34.490176,0.0,1.2999999523162842,0.6061077117919922,0.6452285051345825,0.025182675570249557,1.2999999523162842,1.2999999523162842
data/lamapuit/laz/580543_2019_madal.laz,data/lamapuit/chm_max_hag_13/580543_2019_madal_chm_max_hag_20cm.tif,skipped_existing,,1.3,0.2,1.3,0.2,580543_2019_madal.laz,2026-03-23T15:39:36.857438Z,5000,5000,0.2,0.2,,-9999.0,25000000,18175981,6824019,27.296076,0.0,1.2999999523162842,0.6836698651313782,0.6439465284347534,1.2999999523162842,1.2999999523162842,1.2999999523162842
data/lamapuit/laz/580543_2020_madal.laz,data/lamapuit/chm_max_hag_13/580543_2020_madal_chm_max_hag_20cm.tif,skipped_existing,,1.3,0.2,1.3,0.2,580543_2020_madal.laz,2026-03-23T15:39:38.125346Z,5000,5000,0.2,0.2,,-9999.0,25000000,17393132,7606868,30.427472,0.0,1.2999999523162842,0.6842756271362305,0.6434438228607178,1.2999999523162842,1.2999999523162842,1.2999999523162842
data/lamapuit/laz/580543_2021_madal.laz,data/lamapuit/chm_max_hag_13/580543_2021_madal_chm_max_hag_20cm.tif,skipped_existing,,1.3,0.2,1.3,0.2,580543_2021_madal.laz,2026-03-23T15:39:47.287005Z,5000,5000,0.2,0.2,,-9999.0,25000000,18212568,6787432,27.149728,0.0,1.2999999523162842,0.7072482109069824,0.6420796513557434,1.2999999523162842,1.2999999523162842,1.2999999523162842
data/lamapuit/laz/580543_2022_madal.laz,data/lamapuit/chm_max_hag_13/580543_2022_madal_chm_max_hag_20cm.tif,skipped_existing,,1.3,0.2,1.3,0.2,580543_2022_madal.laz,2026-03-23T15:39:57.645924Z,5000,5000,0.2,0.2,,-9999.0,25000000,18563534,6436466,25.745864,0.0,1.2999999523162842,0.7153457403182983,0.6402882933616638,1.2999999523162842,1.2999999523162842,1.2999999523162842
data/lamapuit/laz/580543_2023_madal.laz,data/lamapuit/chm_max_hag_13/580543_2023_madal_chm_max_hag_20cm.tif,skipped_existing,,1.3,0.2,1.3,0.2,580543_2023_madal.laz,2026-03-23T15:40:06.389529Z,5000,5000,0.2,0.2,,-9999.0,25000000,17790934,7209066,28.836264,0.0,1.2999999523162842,0.6836958527565002,0.64198237657547,1.2999999523162842,1.2999999523162842,1.2999999523162842
data/lamapuit/laz/581543_2017_madal.laz,data/lamapuit/chm_max_hag_13/581543_2017_madal_chm_max_hag_20cm.tif,skipped_existing,,1.3,0.2,1.3,0.2,581543_2017_madal.laz,2026-03-23T15:39:58.966074Z,5000,5000,0.2,0.2,,-9999.0,25000000,15299387,9700613,38.802452,0.0,1.2999999523162842,0.7456341981887817,0.6400589942932129,1.2999999523162842,1.2999999523162842,1.2999999523162842
data/lamapuit/laz/581543_2018_madal.laz,data/lamapuit/chm_max_hag_13/581543_2018_madal_chm_max_hag_20cm.tif,skipped_existing,,1.3,0.2,1.3,0.2,581543_2018_madal.laz,2026-03-23T15:40:15.101986Z,5000,5000,0.2,0.2,,-9999.0,25000000,18173657,6826343,27.305372,0.0,1.2999999523162842,0.7415834069252014,0.6404256820678711,1.2999999523162842,1.2999999523162842,1.2999999523162842
data/lamapuit/laz/581543_2019_madal.laz,data/lamapuit/chm_max_hag_13/581543_2019_madal_chm_max_hag_20cm.tif,skipped_existing,,1.3,0.2,1.3,0.2,581543_2019_madal.laz,2026-03-23T15:40:28.762929Z,5000,5000,0.2,0.2,,-9999.0,25000000,19489411,5510589,22.042356,0.0,1.2999999523162842,0.8327772617340088,0.6203892827033997,1.2999999523162842,1.2999999523162842,1.2999999523162842
data/lamapuit/laz/581543_2020_madal.laz,data/lamapuit/chm_max_hag_13/581543_2020_madal_chm_max_hag_20cm.tif,skipped_existing,,1.3,0.2,1.3,0.2,581543_2020_madal.laz,2026-03-23T15:40:30.186359Z,5000,5000,0.2,0.2,,-9999.0,25000000,18975071,6024929,24.099716,0.0,1.2999999523162842,0.8373461961746216,0.6187174916267395,1.2999999523162842,1.2999999523162842,1.2999999523162842
data/lamapuit/laz/581543_2021_madal.laz,data/lamapuit/chm_max_hag_13/581543_2021_madal_chm_max_hag_20cm.tif,skipped_existing,,1.3,0.2,1.3,0.2,581543_2021_madal.laz,2026-03-23T15:40:40.169551Z,5000,5000,0.2,0.2,,-9999.0,25000000,19685623,5314377,21.257508,0.0,1.2999999523162842,0.8262836933135986,0.6217915415763855,1.2999999523162842,1.2999999523162842,1.2999999523162842
data/lamapuit/laz/581543_2022_madal.laz,data/lamapuit/chm_max_hag_13/581543_2022_madal_chm_max_hag_20cm.tif,skipped_existing,,1.3,0.2,1.3,0.2,581543_2022_madal.laz,2026-03-23T15:40:47.702927Z,5000,5000,0.2,0.2,,-9999.0,25000000,19307642,5692358,22.769432,0.0,1.2999999523162842,0.8308742642402649,0.6193374395370483,1.2999999523162842,1.2999999523162842,1.2999999523162842
data/lamapuit/laz/581543_2023_madal.laz,data/lamapuit/chm_max_hag_13/581543_2023_madal_chm_max_hag_20cm.tif,skipped_existing,,1.3,0.2,1.3,0.2,581543_2023_madal.laz,2026-03-23T15:40:59.848242Z,5000,5000,0.2,0.2,,-9999.0,25000000,19314609,5685391,22.741564,0.0,1.2999999523162842,0.7960804104804993,0.6286228895187378,1.2999999523162842,1.2999999523162842,1.2999999523162842
data/lamapuit/laz/582543_2017_madal.laz,data/lamapuit/chm_max_hag_13/582543_2017_madal_chm_max_hag_20cm.tif,skipped_existing,,1.3,0.2,1.3,0.2,582543_2017_madal.laz,2026-03-23T15:40:50.019214Z,5000,5000,0.2,0.2,,-9999.0,25000000,14370743,10629257,42.517028,0.0,1.2999999523162842,0.6047463417053223,0.6433835029602051,0.03441982343792915,1.2999999523162842,1.2999999523162842
data/lamapuit/laz/582543_2018_madal.laz,data/lamapuit/chm_max_hag_13/582543_2018_madal_chm_max_hag_20cm.tif,skipped_existing,,1.3,0.2,1.3,0.2,582543_2018_madal.laz,2026-03-23T15:41:04.595955Z,5000,5000,0.2,0.2,,-9999.0,25000000,16455733,8544267,34.177068,0.0,1.2999999523162842,0.6292044520378113,0.6446320414543152,0.06461130827665329,1.2999999523162842,1.2999999523162842
data/lamapuit/laz/582543_2019_madal.laz,data/lamapuit/chm_max_hag_13/582543_2019_madal_chm_max_hag_20cm.tif,skipped_existing,,1.3,0.2,1.3,0.2,582543_2019_madal.laz,2026-03-23T15:41:19.752846Z,5000,5000,0.2,0.2,,-9999.0,25000000,18165168,6834832,27.339328,0.0,1.2999999523162842,0.7111842632293701,0.6400187611579895,1.2999999523162842,1.2999999523162842,1.2999999523162842
data/lamapuit/laz/582543_2020_madal.laz,data/lamapuit/chm_max_hag_13/582543_2020_madal_chm_max_hag_20cm.tif,skipped_existing,,1.3,0.2,1.3,0.2,582543_2020_madal.laz,2026-03-23T15:41:22.816665Z,5000,5000,0.2,0.2,,-9999.0,25000000,18619550,6380450,25.5218,0.0,1.2999999523162842,0.6852651238441467,0.6413723826408386,1.2999999523162842,1.2999999523162842,1.2999999523162842
data/lamapuit/laz/582543_2021_madal.laz,data/lamapuit/chm_max_hag_13/582543_2021_madal_chm_max_hag_20cm.tif,skipped_existing,,1.3,0.2,1.3,0.2,582543_2021_madal.laz,2026-03-23T15:41:29.038516Z,5000,5000,0.2,0.2,,-9999.0,25000000,18159728,6840272,27.361088,0.0,1.2999999523162842,0.704204797744751,0.639380156993866,1.2999999523162842,1.2999999523162842,1.2999999523162842
data/lamapuit/laz/582543_2022_madal.laz,data/lamapuit/chm_max_hag_13/582543_2022_madal_chm_max_hag_20cm.tif,skipped_existing,,1.3,0.2,1.3,0.2,582543_2022_madal.laz,2026-03-23T15:41:37.030842Z,5000,5000,0.2,0.2,,-9999.0,25000000,18097066,6902934,27.611736,0.0,1.2999999523162842,0.7166543006896973,0.6376065611839294,1.2999999523162842,1.2999999523162842,1.2999999523162842
data/lamapuit/laz/582543_2023_madal.laz,data/lamapuit/chm_max_hag_13/582543_2023_madal_chm_max_hag_20cm.tif,skipped_existing,,1.3,0.2,1.3,0.2,582543_2023_madal.laz,2026-03-23T15:41:53.813465Z,5000,5000,0.2,0.2,,-9999.0,25000000,18323609,6676391,26.705564,0.0,1.2999999523162842,0.6966710686683655,0.6387507319450378,1.2999999523162842,1.2999999523162842,1.2999999523162842
data/lamapuit/laz/594728_2021_madal.laz,data/lamapuit/chm_max_hag_13/594728_2021_madal_chm_max_hag_20cm.tif,skipped_existing,,1.3,0.2,1.3,0.2,594728_2021_madal.laz,2026-03-23T15:41:32.324374Z,5000,5000,0.2,0.2,,-9999.0,25000000,8604229,16395771,65.583084,0.0,1.2999999523162842,0.9627500772476196,0.55968177318573,1.2999999523162842,1.2999999523162842,1.2999999523162842
data/lamapuit/laz/594728_2022_tava.laz,data/lamapuit/chm_max_hag_13/594728_2022_tava_chm_max_hag_20cm.tif,skipped_existing,,1.3,0.2,1.3,0.2,594728_2022_tava.laz,2026-03-23T15:41:38.585162Z,5000,5000,0.2,0.2,,-9999.0,25000000,8271538,16728462,66.913848,0.0,1.2999999523162842,0.8990111351013184,0.5908127427101135,1.2999999523162842,1.2999999523162842,1.2999999523162842
data/lamapuit/laz/601546_2017_madal.laz,data/lamapuit/chm_max_hag_13/601546_2017_madal_chm_max_hag_20cm.tif,error,Source is empty,1.3,0.2,,,,,,,,,,,,,,,,,,,,,
data/lamapuit/laz/601546_2018_madal.laz,data/lamapuit/chm_max_hag_13/601546_2018_madal_chm_max_hag_20cm.tif,error,IoError: failed to fill whole buffer,1.3,0.2,,,,,,,,,,,,,,,,,,,,,
data/lamapuit/laz/601546_2019_madal.laz,data/lamapuit/chm_max_hag_13/601546_2019_madal_chm_max_hag_20cm.tif,skipped_existing,,1.3,0.2,1.3,0.2,601546_2019_madal.laz,2026-03-23T15:42:04.627112Z,5000,5000,0.2,0.2,,-9999.0,25000000,19376544,5623456,22.493824,0.0,1.2999999523162842,0.9956929087638855,0.54332035779953,1.2999999523162842,1.2999999523162842,1.2999999523162842
data/lamapuit/laz/601546_2020_madal.laz,data/lamapuit/chm_max_hag_13/601546_2020_madal_chm_max_hag_20cm.tif,skipped_existing,,1.3,0.2,1.3,0.2,601546_2020_madal.laz,2026-03-23T15:42:10.281180Z,5000,5000,0.2,0.2,,-9999.0,25000000,19078179,5921821,23.687284,0.0,1.2999999523162842,1.0049753189086914,0.5375163555145264,1.2999999523162842,1.2999999523162842,1.2999999523162842
data/lamapuit/laz/601546_2021_madal.laz,data/lamapuit/chm_max_hag_13/601546_2021_madal_chm_max_hag_20cm.tif,skipped_existing,,1.3,0.2,1.3,0.2,601546_2021_madal.laz,2026-03-23T15:42:14.274205Z,5000,5000,0.2,0.2,,-9999.0,25000000,19537575,5462425,21.8497,0.0,1.2999999523162842,1.0174332857131958,0.529342770576477,1.2999999523162842,1.2999999523162842,1.2999999523162842
data/lamapuit/laz/601546_2022_madal.laz,data/lamapuit/chm_max_hag_13/601546_2022_madal_chm_max_hag_20cm.tif,skipped_existing,,1.3,0.2,1.3,0.2,601546_2022_madal.laz,2026-03-23T15:42:28.576728Z,5000,5000,0.2,0.2,,-9999.0,25000000,19501685,5498315,21.99326,0.0,1.2999999523162842,1.0240941047668457,0.523882269859314,1.2999999523162842,1.2999999523162842,1.2999999523162842
data/lamapuit/laz/601546_2023_madal.laz,data/lamapuit/chm_max_hag_13/601546_2023_madal_chm_max_hag_20cm.tif,skipped_existing,,1.3,0.2,1.3,0.2,601546_2023_madal.laz,2026-03-23T15:42:38.773552Z,5000,5000,0.2,0.2,,-9999.0,25000000,19193961,5806039,23.224156,0.0,1.2999999523162842,1.0210990905761719,0.526013195514679,1.2999999523162842,1.2999999523162842,1.2999999523162842
data/lamapuit/laz/601546_2024_madal.laz,data/lamapuit/chm_max_hag_13/601546_2024_madal_chm_max_hag_20cm.tif,skipped_existing,,1.3,0.2,1.3,0.2,601546_2024_madal.laz,2026-03-23T15:42:41.857257Z,5000,5000,0.2,0.2,,-9999.0,25000000,19003787,5996213,23.984852,0.0,1.2999999523162842,1.0154130458831787,0.5291463732719421,1.2999999523162842,1.2999999523162842,1.2999999523162842
data/lamapuit/laz/602546_2017_madal.laz,data/lamapuit/chm_max_hag_13/602546_2017_madal_chm_max_hag_20cm.tif,skipped_existing,,1.3,0.2,1.3,0.2,602546_2017_madal.laz,2026-03-23T15:42:33.159776Z,5000,5002,0.2,0.2,,-9999.0,25010000,11920610,13089390,52.33662534986006,0.0,1.2999999523162842,0.9868370890617371,0.5506433248519897,1.2999999523162842,1.2999999523162842,1.2999999523162842
data/lamapuit/laz/602546_2018_madal.laz,data/lamapuit/chm_max_hag_13/602546_2018_madal_chm_max_hag_20cm.tif,skipped_existing,,1.3,0.2,1.3,0.2,602546_2018_madal.laz,2026-03-23T15:42:51.467019Z,5000,5000,0.2,0.2,,-9999.0,25000000,13981505,11018495,44.07398,0.0,1.2999999523162842,0.9425048232078552,0.5754629373550415,1.2999999523162842,1.2999999523162842,1.2999999523162842
data/lamapuit/laz/602546_2019_madal.laz,data/lamapuit/chm_max_hag_13/602546_2019_madal_chm_max_hag_20cm.tif,skipped_existing,,1.3,0.2,1.3,0.2,602546_2019_madal.laz,2026-03-23T15:43:18.418190Z,5000,5000,0.2,0.2,,-9999.0,25000000,17011488,7988512,31.954048,0.0,1.2999999523162842,0.9394556283950806,0.5756067633628845,1.2999999523162842,1.2999999523162842,1.2999999523162842
data/lamapuit/laz/602546_2020_madal.laz,data/lamapuit/chm_max_hag_13/602546_2020_madal_chm_max_hag_20cm.tif,skipped_existing,,1.3,0.2,1.3,0.2,602546_2020_madal.laz,2026-03-23T15:43:06.625089Z,5000,5000,0.2,0.2,,-9999.0,25000000,14817874,10182126,40.728504,0.0,1.2999999523162842,0.996048092842102,0.5403820872306824,1.2999999523162842,1.2999999523162842,1.2999999523162842
data/lamapuit/laz/602546_2021_madal.laz,data/lamapuit/chm_max_hag_13/602546_2021_madal_chm_max_hag_20cm.tif,skipped_existing,,1.3,0.2,1.3,0.2,602546_2021_madal.laz,2026-03-23T15:43:14.377452Z,5000,5000,0.2,0.2,,-9999.0,25000000,16244566,8755434,35.021736,0.0,1.2999999523162842,0.9655535817146301,0.5620541572570801,1.2999999523162842,1.2999999523162842,1.2999999523162842
data/lamapuit/laz/602546_2022_madal.laz,data/lamapuit/chm_max_hag_13/602546_2022_madal_chm_max_hag_20cm.tif,skipped_existing,,1.3,0.2,1.3,0.2,602546_2022_madal.laz,2026-03-23T15:43:15.906624Z,5000,5000,0.2,0.2,,-9999.0,25000000,14467181,10532819,42.131276,0.0,1.2999999523162842,1.0660200119018555,0.49119362235069275,1.2999999523162842,1.2999999523162842,1.2999999523162842
data/lamapuit/laz/602546_2023_madal.laz,data/lamapuit/chm_max_hag_13/602546_2023_madal_chm_max_hag_20cm.tif,skipped_existing,,1.3,0.2,1.3,0.2,602546_2023_madal.laz,2026-03-23T15:43:41.059488Z,5000,5000,0.2,0.2,,-9999.0,25000000,16875637,8124363,32.497452,0.0,1.2999999523162842,0.9096027612686157,0.5894560217857361,1.2999999523162842,1.2999999523162842,1.2999999523162842
data/lamapuit/laz/602546_2024_madal.laz,data/lamapuit/chm_max_hag_13/602546_2024_madal_chm_max_hag_20cm.tif,skipped_existing,,1.3,0.2,1.3,0.2,602546_2024_madal.laz,2026-03-23T15:43:33.150729Z,5000,5000,0.2,0.2,,-9999.0,25000000,14805366,10194634,40.778536,0.0,1.2999999523162842,0.9822619557380676,0.5503000617027283,1.2999999523162842,1.2999999523162842,1.2999999523162842
